Order:	MAC	Serial
9614.1	00:13:C6:13:71:74	EM26270275
9614.1	00:13:C6:13:71:75	EM26270275
9614.1	00:13:C6:13:71:76	EM26270276
9614.1	00:13:C6:13:71:77	EM26270276
9614.1	00:13:C6:13:71:78	EM26270277
9614.1	00:13:C6:13:71:79	EM26270277
9614.1	00:13:C6:13:71:7A	EM26270278
9614.1	00:13:C6:13:71:7B	EM26270278
9614.1	00:13:C6:13:71:7C	EM26270279
9614.1	00:13:C6:13:71:7D	EM26270279
9614.1	00:13:C6:13:71:7E	EM26270280
9614.1	00:13:C6:13:71:7F	EM26270280
9614.1	00:13:C6:13:71:80	EM26270281
9614.1	00:13:C6:13:71:81	EM26270281
9614.1	00:13:C6:13:71:82	EM26270282
9614.1	00:13:C6:13:71:83	EM26270282
9614.1	00:13:C6:13:71:84	EM26270283
9614.1	00:13:C6:13:71:85	EM26270283
9614.1	00:13:C6:13:71:86	EM26270284
9614.1	00:13:C6:13:71:87	EM26270284
9614.1	00:13:C6:13:71:88	EM26270285
9614.1	00:13:C6:13:71:89	EM26270285
9614.1	00:13:C6:13:71:8A	EM26270286
9614.1	00:13:C6:13:71:8B	EM26270286
9614.1	00:13:C6:13:71:8C	EM26270287
9614.1	00:13:C6:13:71:8D	EM26270287
9614.1	00:13:C6:13:71:8E	EM26270288
9614.1	00:13:C6:13:71:8F	EM26270288
9614.1	00:13:C6:13:71:90	EM26270289
9614.1	00:13:C6:13:71:91	EM26270289
9614.1	00:13:C6:13:71:92	EM26270290
9614.1	00:13:C6:13:71:93	EM26270290
9614.1	00:13:C6:13:71:94	EM26270291
9614.1	00:13:C6:13:71:95	EM26270291
9614.1	00:13:C6:13:71:96	EM26270292
9614.1	00:13:C6:13:71:97	EM26270292
9614.1	00:13:C6:13:71:98	EM26270293
9614.1	00:13:C6:13:71:99	EM26270293
9614.1	00:13:C6:13:71:9A	EM26270294
9614.1	00:13:C6:13:71:9B	EM26270294
9614.1	00:13:C6:13:71:9C	EM26270295
9614.1	00:13:C6:13:71:9D	EM26270295
9614.1	00:13:C6:13:71:9E	EM26270296
9614.1	00:13:C6:13:71:9F	EM26270296
9614.1	00:13:C6:13:71:A0	EM26270297
9614.1	00:13:C6:13:71:A1	EM26270297
9614.1	00:13:C6:13:71:A2	EM26270298
9614.1	00:13:C6:13:71:A3	EM26270298
9614.1	00:13:C6:13:71:A4	EM26270299
9614.1	00:13:C6:13:71:A5	EM26270299
9614.1	00:13:C6:13:71:A6	EM26270300
9614.1	00:13:C6:13:71:A7	EM26270300
9614.1	00:13:C6:13:71:A8	EM26270301
9614.1	00:13:C6:13:71:A9	EM26270301
9614.1	00:13:C6:13:71:AA	EM26270302
9614.1	00:13:C6:13:71:AB	EM26270302
9614.1	00:13:C6:13:71:AC	EM26270303
9614.1	00:13:C6:13:71:AD	EM26270303
9614.1	00:13:C6:13:71:AE	EM26270304
9614.1	00:13:C6:13:71:AF	EM26270304
9614.1	00:13:C6:13:71:B0	EM26270305
9614.1	00:13:C6:13:71:B1	EM26270305
9614.1	00:13:C6:13:71:B2	EM26270306
9614.1	00:13:C6:13:71:B3	EM26270306
9614.1	00:13:C6:13:71:B4	EM26270307
9614.1	00:13:C6:13:71:B5	EM26270307
9614.1	00:13:C6:13:71:B6	EM26270308
9614.1	00:13:C6:13:71:B7	EM26270308
9614.1	00:13:C6:13:71:B8	EM26270309
9614.1	00:13:C6:13:71:B9	EM26270309
9614.1	00:13:C6:13:71:BA	EM26270310
9614.1	00:13:C6:13:71:BB	EM26270310
9614.1	00:13:C6:13:71:BC	EM26270311
9614.1	00:13:C6:13:71:BD	EM26270311
9614.1	00:13:C6:13:71:BE	EM26270312
9614.1	00:13:C6:13:71:BF	EM26270312
9614.1	00:13:C6:13:71:C0	EM26270313
9614.1	00:13:C6:13:71:C1	EM26270313
9614.1	00:13:C6:13:71:C2	EM26270314
9614.1	00:13:C6:13:71:C3	EM26270314
9614.1	00:13:C6:13:71:C4	EM26270315
9614.1	00:13:C6:13:71:C5	EM26270315
9614.1	00:13:C6:13:71:C6	EM26270316
9614.1	00:13:C6:13:71:C7	EM26270316
9614.1	00:13:C6:13:71:C8	EM26270317
9614.1	00:13:C6:13:71:C9	EM26270317
9614.1	00:13:C6:13:71:CA	EM26270318
9614.1	00:13:C6:13:71:CB	EM26270318
9614.1	00:13:C6:13:71:CC	EM26270319
9614.1	00:13:C6:13:71:CD	EM26270319
9614.1	00:13:C6:13:71:CE	EM26270320
9614.1	00:13:C6:13:71:CF	EM26270320
9614.1	00:13:C6:13:71:D0	EM26270321
9614.1	00:13:C6:13:71:D1	EM26270321
9614.1	00:13:C6:13:71:D2	EM26270322
9614.1	00:13:C6:13:71:D3	EM26270322
9614.1	00:13:C6:13:71:D4	EM26270323
9614.1	00:13:C6:13:71:D5	EM26270323
9614.1	00:13:C6:13:71:D6	EM26270324
9614.1	00:13:C6:13:71:D7	EM26270324
9614.1	00:13:C6:13:71:D8	EM26270325
9614.1	00:13:C6:13:71:D9	EM26270325
9614.1	00:13:C6:13:71:DA	EM26270326
9614.1	00:13:C6:13:71:DB	EM26270326
9614.1	00:13:C6:13:71:DC	EM26270327
9614.1	00:13:C6:13:71:DD	EM26270327
9614.1	00:13:C6:13:71:DE	EM26270328
9614.1	00:13:C6:13:71:DF	EM26270328
9614.1	00:13:C6:13:71:E0	EM26270329
9614.1	00:13:C6:13:71:E1	EM26270329
9614.1	00:13:C6:13:71:E2	EM26270330
9614.1	00:13:C6:13:71:E3	EM26270330
9614.1	00:13:C6:13:71:E4	EM26270331
9614.1	00:13:C6:13:71:E5	EM26270331
9614.1	00:13:C6:13:71:E6	EM26270332
9614.1	00:13:C6:13:71:E7	EM26270332
9614.1	00:13:C6:13:71:E8	EM26270333
9614.1	00:13:C6:13:71:E9	EM26270333
9614.1	00:13:C6:13:71:EA	EM26270334
9614.1	00:13:C6:13:71:EB	EM26270334
9614.1	00:13:C6:13:71:EC	EM26270335
9614.1	00:13:C6:13:71:ED	EM26270335
9614.1	00:13:C6:13:71:EE	EM26270336
9614.1	00:13:C6:13:71:EF	EM26270336
9614.1	00:13:C6:13:71:F0	EM26270337
9614.1	00:13:C6:13:71:F1	EM26270337
9614.1	00:13:C6:13:71:F2	EM26270338
9614.1	00:13:C6:13:71:F3	EM26270338
9614.1	00:13:C6:13:71:F4	EM26270339
9614.1	00:13:C6:13:71:F5	EM26270339
9614.1	00:13:C6:13:71:F6	EM26270340
9614.1	00:13:C6:13:71:F7	EM26270340
9614.1	00:13:C6:13:71:F8	EM26270341
9614.1	00:13:C6:13:71:F9	EM26270341
9614.1	00:13:C6:13:71:FA	EM26270342
9614.1	00:13:C6:13:71:FB	EM26270342
9614.1	00:13:C6:13:71:FC	EM26270343
9614.1	00:13:C6:13:71:FD	EM26270343
9614.1	00:13:C6:13:71:FE	EM26270344
9614.1	00:13:C6:13:71:FF	EM26270344
9614.1	00:13:C6:13:72:00	EM26270345
9614.1	00:13:C6:13:72:01	EM26270345
9614.1	00:13:C6:13:72:02	EM26270346
9614.1	00:13:C6:13:72:03	EM26270346
9614.1	00:13:C6:13:72:04	EM26270347
9614.1	00:13:C6:13:72:05	EM26270347
9614.1	00:13:C6:13:72:06	EM26270348
9614.1	00:13:C6:13:72:07	EM26270348
9614.1	00:13:C6:13:72:08	EM26270349
9614.1	00:13:C6:13:72:09	EM26270349
9614.1	00:13:C6:13:72:0A	EM26270350
9614.1	00:13:C6:13:72:0B	EM26270350
9614.1	00:13:C6:13:72:0C	EM26270351
9614.1	00:13:C6:13:72:0D	EM26270351
9614.1	00:13:C6:13:72:0E	EM26270352
9614.1	00:13:C6:13:72:0F	EM26270352
9614.1	00:13:C6:13:72:10	EM26270353
9614.1	00:13:C6:13:72:11	EM26270353
9614.1	00:13:C6:13:72:12	EM26270354
9614.1	00:13:C6:13:72:13	EM26270354
9614.1	00:13:C6:13:72:14	EM26270355
9614.1	00:13:C6:13:72:15	EM26270355
9614.1	00:13:C6:13:72:16	EM26270356
9614.1	00:13:C6:13:72:17	EM26270356
9614.1	00:13:C6:13:72:18	EM26270357
9614.1	00:13:C6:13:72:19	EM26270357
9614.1	00:13:C6:13:72:1A	EM26270358
9614.1	00:13:C6:13:72:1B	EM26270358
9614.1	00:13:C6:13:72:1C	EM26270359
9614.1	00:13:C6:13:72:1D	EM26270359
9614.1	00:13:C6:13:72:1E	EM26270360
9614.1	00:13:C6:13:72:1F	EM26270360
9614.1	00:13:C6:13:72:20	EM26270361
9614.1	00:13:C6:13:72:21	EM26270361
9614.1	00:13:C6:13:72:22	EM26270362
9614.1	00:13:C6:13:72:23	EM26270362
9614.1	00:13:C6:13:72:24	EM26270363
9614.1	00:13:C6:13:72:25	EM26270363
9614.1	00:13:C6:13:72:26	EM26270364
9614.1	00:13:C6:13:72:27	EM26270364
9614.1	00:13:C6:13:72:28	EM26270365
9614.1	00:13:C6:13:72:29	EM26270365
9614.1	00:13:C6:13:72:2A	EM26270366
9614.1	00:13:C6:13:72:2B	EM26270366
9614.1	00:13:C6:13:72:2C	EM26270367
9614.1	00:13:C6:13:72:2D	EM26270367
9614.1	00:13:C6:13:72:2E	EM26270368
9614.1	00:13:C6:13:72:2F	EM26270368
9614.1	00:13:C6:13:72:30	EM26270369
9614.1	00:13:C6:13:72:31	EM26270369
9614.1	00:13:C6:13:72:32	EM26270370
9614.1	00:13:C6:13:72:33	EM26270370
9614.1	00:13:C6:13:72:34	EM26270371
9614.1	00:13:C6:13:72:35	EM26270371
9614.1	00:13:C6:13:72:36	EM26270372
9614.1	00:13:C6:13:72:37	EM26270372
9614.1	00:13:C6:13:72:38	EM26270373
9614.1	00:13:C6:13:72:39	EM26270373
9614.1	00:13:C6:13:72:3A	EM26270374
9614.1	00:13:C6:13:72:3B	EM26270374
9614.1	00:13:C6:13:72:3C	EM26270375
9614.1	00:13:C6:13:72:3D	EM26270375
9614.1	00:13:C6:13:72:3E	EM26270376
9614.1	00:13:C6:13:72:3F	EM26270376
9614.1	00:13:C6:13:72:40	EM26270377
9614.1	00:13:C6:13:72:41	EM26270377
9614.1	00:13:C6:13:72:42	EM26270378
9614.1	00:13:C6:13:72:43	EM26270378
9614.1	00:13:C6:13:72:44	EM26270379
9614.1	00:13:C6:13:72:45	EM26270379
9614.1	00:13:C6:13:72:46	EM26270380
9614.1	00:13:C6:13:72:47	EM26270380
9614.1	00:13:C6:13:72:48	EM26270381
9614.1	00:13:C6:13:72:49	EM26270381
9614.1	00:13:C6:13:72:4A	EM26270382
9614.1	00:13:C6:13:72:4B	EM26270382
9614.1	00:13:C6:13:72:4C	EM26270383
9614.1	00:13:C6:13:72:4D	EM26270383
9614.1	00:13:C6:13:72:4E	EM26270384
9614.1	00:13:C6:13:72:4F	EM26270384
9614.1	00:13:C6:13:72:50	EM26270385
9614.1	00:13:C6:13:72:51	EM26270385
9614.1	00:13:C6:13:72:52	EM26270386
9614.1	00:13:C6:13:72:53	EM26270386
9614.1	00:13:C6:13:72:54	EM26270387
9614.1	00:13:C6:13:72:55	EM26270387
9614.1	00:13:C6:13:72:56	EM26270388
9614.1	00:13:C6:13:72:57	EM26270388
9614.1	00:13:C6:13:72:58	EM26270389
9614.1	00:13:C6:13:72:59	EM26270389
9614.1	00:13:C6:13:72:5A	EM26270390
9614.1	00:13:C6:13:72:5B	EM26270390
9614.1	00:13:C6:13:72:5C	EM26270391
9614.1	00:13:C6:13:72:5D	EM26270391
9614.1	00:13:C6:13:72:5E	EM26270392
9614.1	00:13:C6:13:72:5F	EM26270392
9614.1	00:13:C6:13:72:60	EM26270393
9614.1	00:13:C6:13:72:61	EM26270393
9614.1	00:13:C6:13:72:62	EM26270394
9614.1	00:13:C6:13:72:63	EM26270394
9614.1	00:13:C6:13:72:64	EM26270395
9614.1	00:13:C6:13:72:65	EM26270395
9614.1	00:13:C6:13:72:66	EM26270396
9614.1	00:13:C6:13:72:67	EM26270396
9614.1	00:13:C6:13:72:68	EM26270397
9614.1	00:13:C6:13:72:69	EM26270397
9614.1	00:13:C6:13:72:6A	EM26270398
9614.1	00:13:C6:13:72:6B	EM26270398
9614.1	00:13:C6:13:72:6C	EM26270399
9614.1	00:13:C6:13:72:6D	EM26270399
9614.1	00:13:C6:13:72:6E	EM26270400
9614.1	00:13:C6:13:72:6F	EM26270400
9614.1	00:13:C6:13:72:70	EM26270401
9614.1	00:13:C6:13:72:71	EM26270401
9614.1	00:13:C6:13:72:72	EM26270402
9614.1	00:13:C6:13:72:73	EM26270402
9614.1	00:13:C6:13:72:74	EM26270403
9614.1	00:13:C6:13:72:75	EM26270403
9614.1	00:13:C6:13:72:76	EM26270404
9614.1	00:13:C6:13:72:77	EM26270404
9614.1	00:13:C6:13:72:78	EM26270405
9614.1	00:13:C6:13:72:79	EM26270405
9614.1	00:13:C6:13:72:7A	EM26270406
9614.1	00:13:C6:13:72:7B	EM26270406
9614.1	00:13:C6:13:72:7C	EM26270407
9614.1	00:13:C6:13:72:7D	EM26270407
9614.1	00:13:C6:13:72:7E	EM26270408
9614.1	00:13:C6:13:72:7F	EM26270408
9614.1	00:13:C6:13:72:80	EM26270409
9614.1	00:13:C6:13:72:81	EM26270409
9614.1	00:13:C6:13:72:82	EM26270410
9614.1	00:13:C6:13:72:83	EM26270410
9614.1	00:13:C6:13:72:84	EM26270411
9614.1	00:13:C6:13:72:85	EM26270411
9614.1	00:13:C6:13:72:86	EM26270412
9614.1	00:13:C6:13:72:87	EM26270412
9614.1	00:13:C6:13:72:88	EM26270413
9614.1	00:13:C6:13:72:89	EM26270413
9614.1	00:13:C6:13:72:8A	EM26270414
9614.1	00:13:C6:13:72:8B	EM26270414
9614.1	00:13:C6:13:72:8C	EM26270415
9614.1	00:13:C6:13:72:8D	EM26270415
9614.1	00:13:C6:13:73:60	EM26270416
9614.1	00:13:C6:13:73:61	EM26270416
9614.1	00:13:C6:13:73:62	EM26270417
9614.1	00:13:C6:13:73:63	EM26270417
9614.1	00:13:C6:13:73:6B	EM26270418
9614.1	00:13:C6:13:73:6A	EM26270418
		
		
		
		
		
9620.1	00:13:C6:13:72:8E	EM26300001
9620.1	00:13:C6:13:72:8F	EM26300001
9620.1	00:13:C6:13:72:90	EM26300002
9620.1	00:13:C6:13:72:91	EM26300002
9620.1	00:13:C6:13:72:92	EM26300003
9620.1	00:13:C6:13:72:93	EM26300003
9620.1	00:13:C6:13:72:94	EM26300004
9620.1	00:13:C6:13:72:95	EM26300004
9620.1	00:13:C6:13:72:96	EM26300005
9620.1	00:13:C6:13:72:97	EM26300005
9620.1	00:13:C6:13:72:98	EM26300006
9620.1	00:13:C6:13:72:99	EM26300006
9620.1	00:13:C6:13:72:9A	EM26300007
9620.1	00:13:C6:13:72:9B	EM26300007
9620.1	00:13:C6:13:72:9C	EM26300008
9620.1	00:13:C6:13:72:9D	EM26300008
9620.1	00:13:C6:13:72:9E	EM26300009
9620.1	00:13:C6:13:72:9F	EM26300009
9620.1	00:13:C6:13:72:A0	EM26300010
9620.1	00:13:C6:13:72:A1	EM26300010
9620.1	00:13:C6:13:72:A2	EM26300011
9620.1	00:13:C6:13:72:A3	EM26300011
9620.1	00:13:C6:13:72:A4	EM26300012
9620.1	00:13:C6:13:72:A5	EM26300012
9620.1	00:13:C6:13:72:A6	EM26300013
9620.1	00:13:C6:13:72:A7	EM26300013
9620.1	00:13:C6:13:72:A8	EM26300014
9620.1	00:13:C6:13:72:A9	EM26300014
9620.1	00:13:C6:13:72:AA	EM26300015
9620.1	00:13:C6:13:72:AB	EM26300015
9620.1	00:13:C6:13:72:AC	EM26300016
9620.1	00:13:C6:13:72:AD	EM26300016
9620.1	00:13:C6:13:72:AE	EM26300017
9620.1	00:13:C6:13:72:AF	EM26300017
9620.1	00:13:C6:13:72:B0	EM26300018
9620.1	00:13:C6:13:72:B1	EM26300018
9620.1	00:13:C6:13:72:B2	EM26300019
9620.1	00:13:C6:13:72:B3	EM26300019
9620.1	00:13:C6:13:72:B4	EM26300020
9620.1	00:13:C6:13:72:B5	EM26300020
9620.1	00:13:C6:13:72:B6	EM26300021
9620.1	00:13:C6:13:72:B7	EM26300021
9620.1	00:13:C6:13:72:B8	EM26300022
9620.1	00:13:C6:13:72:B9	EM26300022
9620.1	00:13:C6:13:72:BA	EM26300023
9620.1	00:13:C6:13:72:BB	EM26300023
9620.1	00:13:C6:13:72:BC	EM26300024
9620.1	00:13:C6:13:72:BD	EM26300024
9620.1	00:13:C6:13:72:BE	EM26300025
9620.1	00:13:C6:13:72:BF	EM26300025
9620.1	00:13:C6:13:72:C0	EM26300026
9620.1	00:13:C6:13:72:C1	EM26300026
9620.1	00:13:C6:13:72:C2	EM26300027
9620.1	00:13:C6:13:72:C3	EM26300027
9620.1	00:13:C6:13:72:C4	EM26300028
9620.1	00:13:C6:13:72:C5	EM26300028
9620.1	00:13:C6:13:72:C6	EM26300029
9620.1	00:13:C6:13:72:C7	EM26300029
9620.1	00:13:C6:13:72:C8	EM26300030
9620.1	00:13:C6:13:72:C9	EM26300030
9620.1	00:13:C6:13:72:CA	EM26300031
9620.1	00:13:C6:13:72:CB	EM26300031
9620.1	00:13:C6:13:72:CC	EM26300032
9620.1	00:13:C6:13:72:CD	EM26300032
9620.1	00:13:C6:13:72:CE	EM26300033
9620.1	00:13:C6:13:72:CF	EM26300033
9620.1	00:13:C6:13:72:D0	EM26300034
9620.1	00:13:C6:13:72:D1	EM26300034
9620.1	00:13:C6:13:72:D2	EM26300035
9620.1	00:13:C6:13:72:D3	EM26300035
9620.1	00:13:C6:13:72:D4	EM26300036
9620.1	00:13:C6:13:72:D5	EM26300036
9620.1	00:13:C6:13:72:D6	EM26300037
9620.1	00:13:C6:13:72:D7	EM26300037
9620.1	00:13:C6:13:72:D8	EM26300038
9620.1	00:13:C6:13:72:D9	EM26300038
9620.1	00:13:C6:13:72:DA	EM26300039
9620.1	00:13:C6:13:72:DB	EM26300039
9620.1	00:13:C6:13:72:DC	EM26300040
9620.1	00:13:C6:13:72:DD	EM26300040
9620.1	00:13:C6:13:72:DE	EM26300041
9620.1	00:13:C6:13:72:DF	EM26300041
9620.1	00:13:C6:13:72:E0	EM26300042
9620.1	00:13:C6:13:72:E1	EM26300042
9620.1	00:13:C6:13:72:E2	EM26300043
9620.1	00:13:C6:13:72:E3	EM26300043
9620.1	00:13:C6:13:72:E4	EM26300044
9620.1	00:13:C6:13:72:E5	EM26300044
9620.1	00:13:C6:13:72:E6	EM26300045
9620.1	00:13:C6:13:72:E7	EM26300045
9620.1	00:13:C6:13:72:E8	EM26300046
9620.1	00:13:C6:13:72:E9	EM26300046
9620.1	00:13:C6:13:72:EA	EM26300047
9620.1	00:13:C6:13:72:EB	EM26300047
9620.1	00:13:C6:13:72:EC	EM26300048
9620.1	00:13:C6:13:72:ED	EM26300048
9620.1	00:13:C6:13:72:EE	EM26300049
9620.1	00:13:C6:13:72:EF	EM26300049
9620.1	00:13:C6:13:72:F0	EM26300050
9620.1	00:13:C6:13:72:F1	EM26300050
9620.1	00:13:C6:13:72:F2	EM26300051
9620.1	00:13:C6:13:72:F3	EM26300051
9620.1	00:13:C6:13:72:F4	EM26300052
9620.1	00:13:C6:13:72:F5	EM26300052
9620.1	00:13:C6:13:72:F6	EM26300053
9620.1	00:13:C6:13:72:F7	EM26300053
9620.1	00:13:C6:13:72:F8	EM26300054
9620.1	00:13:C6:13:72:F9	EM26300054
9620.1	00:13:C6:13:72:FA	EM26300055
9620.1	00:13:C6:13:72:FB	EM26300055
9620.1	00:13:C6:13:72:FC	EM26300056
9620.1	00:13:C6:13:72:FD	EM26300056
9620.1	00:13:C6:13:72:FE	EM26300057
9620.1	00:13:C6:13:72:FF	EM26300057
9620.1	00:13:C6:13:73:00	EM26300058
9620.1	00:13:C6:13:73:01	EM26300058
9620.1	00:13:C6:13:73:02	EM26300059
9620.1	00:13:C6:13:73:03	EM26300059
9620.1	00:13:C6:13:73:04	EM26300060
9620.1	00:13:C6:13:73:05	EM26300060
9620.1	00:13:C6:13:73:06	EM26300061
9620.1	00:13:C6:13:73:07	EM26300061
9620.1	00:13:C6:13:73:08	EM26300062
9620.1	00:13:C6:13:73:09	EM26300062
9620.1	00:13:C6:13:73:0A	EM26300063
9620.1	00:13:C6:13:73:0B	EM26300063
9620.1	00:13:C6:13:73:0C	EM26300064
9620.1	00:13:C6:13:73:0D	EM26300064
9620.1	00:13:C6:13:73:0E	EM26300065
9620.1	00:13:C6:13:73:0F	EM26300065
9620.1	00:13:C6:13:73:10	EM26300066
9620.1	00:13:C6:13:73:11	EM26300066
9620.1	00:13:C6:13:73:12	EM26300067
9620.1	00:13:C6:13:73:13	EM26300067
9620.1	00:13:C6:13:73:14	EM26300068
9620.1	00:13:C6:13:73:15	EM26300068
9620.1	00:13:C6:13:73:16	EM26300069
9620.1	00:13:C6:13:73:17	EM26300069
9620.1	00:13:C6:13:73:18	EM26300070
9620.1	00:13:C6:13:73:19	EM26300070
9620.1	00:13:C6:13:73:1A	EM26300071
9620.1	00:13:C6:13:73:1B	EM26300071
9620.1	00:13:C6:13:73:1C	EM26300072
9620.1	00:13:C6:13:73:1D	EM26300072
9620.1	00:13:C6:13:73:1E	EM26300073
9620.1	00:13:C6:13:73:1F	EM26300073
9620.1	00:13:C6:13:73:20	EM26300074
9620.1	00:13:C6:13:73:21	EM26300074
9620.1	00:13:C6:13:73:22	EM26300075
9620.1	00:13:C6:13:73:23	EM26300075
9620.1	00:13:C6:13:73:24	EM26300076
9620.1	00:13:C6:13:73:25	EM26300076
9620.1	00:13:C6:13:73:26	EM26300077
9620.1	00:13:C6:13:73:27	EM26300077
9620.1	00:13:C6:13:73:28	EM26300078
9620.1	00:13:C6:13:73:29	EM26300078
9620.1	00:13:C6:13:73:2A	EM26300079
9620.1	00:13:C6:13:73:2B	EM26300079
9620.1	00:13:C6:13:73:2C	EM26300080
9620.1	00:13:C6:13:73:2D	EM26300080
9620.1	00:13:C6:13:73:2E	EM26300081
9620.1	00:13:C6:13:73:2F	EM26300081
9620.1	00:13:C6:13:73:30	EM26300082
9620.1	00:13:C6:13:73:31	EM26300082
9620.1	00:13:C6:13:73:32	EM26300083
9620.1	00:13:C6:13:73:33	EM26300083
9620.1	00:13:C6:13:73:34	EM26300084
9620.1	00:13:C6:13:73:35	EM26300084
9620.1	00:13:C6:13:73:36	EM26300085
9620.1	00:13:C6:13:73:37	EM26300085
9620.1	00:13:C6:13:73:38	EM26300086
9620.1	00:13:C6:13:73:39	EM26300086
9620.1	00:13:C6:13:73:3A	EM26300087
9620.1	00:13:C6:13:73:3B	EM26300087
9620.1	00:13:C6:13:73:3C	EM26300088
9620.1	00:13:C6:13:73:3D	EM26300088
9620.1	00:13:C6:13:73:3E	EM26300089
9620.1	00:13:C6:13:73:3F	EM26300089
9620.1	00:13:C6:13:73:40	EM26300090
9620.1	00:13:C6:13:73:41	EM26300090
9620.1	00:13:C6:13:73:42	EM26300091
9620.1	00:13:C6:13:73:43	EM26300091
9620.1	00:13:C6:13:73:44	EM26300092
9620.1	00:13:C6:13:73:45	EM26300092
9620.1	00:13:C6:13:73:46	EM26300093
9620.1	00:13:C6:13:73:47	EM26300093
9620.1	00:13:C6:13:73:48	EM26300094
9620.1	00:13:C6:13:73:49	EM26300094
9620.1	00:13:C6:13:73:4A	EM26300095
9620.1	00:13:C6:13:73:4B	EM26300095
9620.1	00:13:C6:13:73:4C	EM26300096
9620.1	00:13:C6:13:73:4D	EM26300096
9620.1	00:13:C6:13:73:4E	EM26300097
9620.1	00:13:C6:13:73:4F	EM26300097
9620.1	00:13:C6:13:73:50	EM26300098
9620.1	00:13:C6:13:73:51	EM26300098
9620.1	00:13:C6:13:73:52	EM26300099
9620.1	00:13:C6:13:73:53	EM26300099
9620.1	00:13:C6:13:73:54	EM26300100
9620.1	00:13:C6:13:73:55	EM26300100
9620.1	00:13:C6:13:73:56	EM26300101
9620.1	00:13:C6:13:73:57	EM26300101
9620.1	00:13:C6:13:73:58	EM26300102
9620.1	00:13:C6:13:73:59	EM26300102
9620.1	00:13:C6:13:73:5A	EM26300103
9620.1	00:13:C6:13:73:5B	EM26300103
9620.1	00:13:C6:13:73:5C	EM26300104
9620.1	00:13:C6:13:73:5D	EM26300104
9620.1	00:13:C6:13:73:5E	EM26300105
9620.1	00:13:C6:13:73:5F	EM26300105
9620.1	00:13:C6:13:73:64	EM26300106
9620.1	00:13:C6:13:73:65	EM26300106
9620.1	00:13:C6:13:73:66	EM26300107
9620.1	00:13:C6:13:73:67	EM26300107
9620.1	00:13:C6:13:73:68	EM26300108
9620.1	00:13:C6:13:73:69	EM26300108
9620.1	00:13:C6:13:73:6C	EM26300109
9620.1	00:13:C6:13:73:6D	EM26300109
9620.1	00:13:C6:13:73:6E	EM26300110
9620.1	00:13:C6:13:73:6F	EM26300110
9620.1	00:13:C6:13:73:70	EM26300111
9620.1	00:13:C6:13:73:71	EM26300111
9620.1	00:13:C6:13:73:72	EM26300112
9620.1	00:13:C6:13:73:73	EM26300112
9620.1	00:13:C6:13:73:74	EM26300113
9620.1	00:13:C6:13:73:75	EM26300113
9620.1	00:13:C6:13:73:76	EM26300114
9620.1	00:13:C6:13:73:77	EM26300114
9620.1	00:13:C6:13:73:78	EM26300115
9620.1	00:13:C6:13:73:79	EM26300115
9620.1	00:13:C6:13:73:7A	EM26300116
9620.1	00:13:C6:13:73:7B	EM26300116
9620.1	00:13:C6:13:73:7C	EM26300117
9620.1	00:13:C6:13:73:7D	EM26300117
9620.1	00:13:C6:13:73:7E	EM26300118
9620.1	00:13:C6:13:73:7F	EM26300118
9620.1	00:13:C6:13:73:80	EM26300119
9620.1	00:13:C6:13:73:81	EM26300119
9620.1	00:13:C6:13:73:82	EM26300120
9620.1	00:13:C6:13:73:83	EM26300120
9620.1	00:13:C6:13:73:84	EM26300121
9620.1	00:13:C6:13:73:85	EM26300121
9620.1	00:13:C6:13:73:86	EM26300122
9620.1	00:13:C6:13:73:87	EM26300122
9620.1	00:13:C6:13:73:88	EM26300123
9620.1	00:13:C6:13:73:89	EM26300123
9620.1	00:13:C6:13:73:8A	EM26300124
9620.1	00:13:C6:13:73:8B	EM26300124
9620.1	00:13:C6:13:73:8C	EM26300125
9620.1	00:13:C6:13:73:8D	EM26300125
9620.1	00:13:C6:13:73:8E	EM26300126
9620.1	00:13:C6:13:73:8F	EM26300126
9620.1	00:13:C6:13:73:90	EM26300127
9620.1	00:13:C6:13:73:91	EM26300127
9620.1	00:13:C6:13:73:92	EM26300128
9620.1	00:13:C6:13:73:93	EM26300128
9620.1	00:13:C6:13:73:94	EM26300129
9620.1	00:13:C6:13:73:95	EM26300129
9620.1	00:13:C6:13:73:96	EM26300130
9620.1	00:13:C6:13:73:97	EM26300130
9620.1	00:13:C6:13:73:98	EM26300131
9620.1	00:13:C6:13:73:99	EM26300131
9620.1	00:13:C6:13:73:9A	EM26300132
9620.1	00:13:C6:13:73:9B	EM26300132
9620.1	00:13:C6:13:73:9C	EM26300133
9620.1	00:13:C6:13:73:9D	EM26300133
9620.1	00:13:C6:13:73:9E	EM26300134
9620.1	00:13:C6:13:73:9F	EM26300134
9620.1	00:13:C6:13:73:A0	EM26300135
9620.1	00:13:C6:13:73:A1	EM26300135
9620.1	00:13:C6:13:73:A2	EM26300136
9620.1	00:13:C6:13:73:A3	EM26300136
9620.1	00:13:C6:13:73:A4	EM26300137
9620.1	00:13:C6:13:73:A5	EM26300137
9620.1	00:13:C6:13:73:A6	EM26300138
9620.1	00:13:C6:13:73:A7	EM26300138
9620.1	00:13:C6:13:73:A8	EM26300139
9620.1	00:13:C6:13:73:A9	EM26300139
9620.1	00:13:C6:13:73:AA	EM26300140
9620.1	00:13:C6:13:73:AB	EM26300140
9620.1	00:13:C6:13:73:AC	EM26300141
9620.1	00:13:C6:13:73:AD	EM26300141
9620.1	00:13:C6:13:73:AE	EM26300142
9620.1	00:13:C6:13:73:AF	EM26300142
9620.1	00:13:C6:13:73:B0	EM26300143
9620.1	00:13:C6:13:73:B1	EM26300143
9620.1	00:13:C6:13:73:B2	EM26300144
9620.1	00:13:C6:13:73:B3	EM26300144
9620.1	00:13:C6:13:73:B4	EM26300145
9620.1	00:13:C6:13:73:B5	EM26300145
9620.1	00:13:C6:13:73:B6	EM26300146
9620.1	00:13:C6:13:73:B7	EM26300146
9620.1	00:13:C6:13:73:B8	EM26300147
9620.1	00:13:C6:13:73:B9	EM26300147
9620.1	00:13:C6:13:73:BA	EM26300148
9620.1	00:13:C6:13:73:BB	EM26300148
9620.1	00:13:C6:13:73:BC	EM26300149
9620.1	00:13:C6:13:73:BD	EM26300149
9620.1	00:13:C6:13:73:BE	EM26300150
9620.1	00:13:C6:13:73:BF	EM26300150
9620.1	00:13:C6:13:73:C0	EM26300151
9620.1	00:13:C6:13:73:C1	EM26300151
9620.1	00:13:C6:13:73:C2	EM26300152
9620.1	00:13:C6:13:73:C3	EM26300152
9620.1	00:13:C6:13:73:C4	EM26300153
9620.1	00:13:C6:13:73:C5	EM26300153
9620.1	00:13:C6:13:73:C6	EM26300154
9620.1	00:13:C6:13:73:C7	EM26300154
9620.1	00:13:C6:13:73:C8	EM26300155
9620.1	00:13:C6:13:73:C9	EM26300155
9620.1	00:13:C6:13:73:CA	EM26300156
9620.1	00:13:C6:13:73:CB	EM26300156
9620.1	00:13:C6:13:73:CC	EM26300157
9620.1	00:13:C6:13:73:CD	EM26300157
9620.1	00:13:C6:13:73:CE	EM26300158
9620.1	00:13:C6:13:73:CF	EM26300158
9620.1	00:13:C6:13:73:D0	EM26300159
9620.1	00:13:C6:13:73:D1	EM26300159
9620.1	00:13:C6:13:73:D2	EM26300160
9620.1	00:13:C6:13:73:D3	EM26300160
9620.1	00:13:C6:13:73:D4	EM26300161
9620.1	00:13:C6:13:73:D5	EM26300161
9620.1	00:13:C6:13:73:D6	EM26300162
9620.1	00:13:C6:13:73:D7	EM26300162
9620.1	00:13:C6:13:73:D8	EM26300163
9620.1	00:13:C6:13:73:D9	EM26300163
9620.1	00:13:C6:13:73:DA	EM26300164
9620.1	00:13:C6:13:73:DB	EM26300164
9620.1	00:13:C6:13:73:DC	EM26300165
9620.1	00:13:C6:13:73:DD	EM26300165
9620.1	00:13:C6:13:73:DE	EM26300166
9620.1	00:13:C6:13:73:DF	EM26300166
9620.1	00:13:C6:13:73:E0	EM26300167
9620.1	00:13:C6:13:73:E1	EM26300167
9620.1	00:13:C6:13:73:E2	EM26300168
9620.1	00:13:C6:13:73:E3	EM26300168
9620.1	00:13:C6:13:73:E4	EM26300169
9620.1	00:13:C6:13:73:E5	EM26300169
9620.1	00:13:C6:13:73:E6	EM26300170
9620.1	00:13:C6:13:73:E7	EM26300170
9620.1	00:13:C6:13:73:E8	EM26300171
9620.1	00:13:C6:13:73:E9	EM26300171
9620.1	00:13:C6:13:73:EA	EM26300172
9620.1	00:13:C6:13:73:EB	EM26300172
9620.1	00:13:C6:13:73:EC	EM26300173
9620.1	00:13:C6:13:73:ED	EM26300173
9620.1	00:13:C6:13:73:EE	EM26300174
9620.1	00:13:C6:13:73:EF	EM26300174
9620.1	00:13:C6:13:73:F0	EM26300175
9620.1	00:13:C6:13:73:F1	EM26300175
9620.1	00:13:C6:13:73:F2	EM26300176
9620.1	00:13:C6:13:73:F3	EM26300176
9620.1	00:13:C6:13:73:F4	EM26300177
9620.1	00:13:C6:13:73:F5	EM26300177
9620.1	00:13:C6:13:73:F6	EM26300178
9620.1	00:13:C6:13:73:F7	EM26300178
9620.1	00:13:C6:13:73:F8	EM26300179
9620.1	00:13:C6:13:73:F9	EM26300179
9620.1	00:13:C6:13:73:FA	EM26300180
9620.1	00:13:C6:13:73:FB	EM26300180
9620.1	00:13:C6:13:73:FC	EM26300181
9620.1	00:13:C6:13:73:FD	EM26300181
9620.1	00:13:C6:13:73:FE	EM26300182
9620.1	00:13:C6:13:73:FF	EM26300182
9620.1	00:13:C6:13:74:00	EM26300183
9620.1	00:13:C6:13:74:01	EM26300183
9620.1	00:13:C6:13:74:02	EM26300184
9620.1	00:13:C6:13:74:03	EM26300184
9620.1	00:13:C6:13:74:04	EM26300185
9620.1	00:13:C6:13:74:05	EM26300185
9620.1	00:13:C6:13:74:06	EM26300186
9620.1	00:13:C6:13:74:07	EM26300186
9620.1	00:13:C6:13:74:08	EM26300187
9620.1	00:13:C6:13:74:09	EM26300187
9620.1	00:13:C6:13:74:0A	EM26300188
9620.1	00:13:C6:13:74:0B	EM26300188
9620.1	00:13:C6:13:74:0C	EM26300189
9620.1	00:13:C6:13:74:0D	EM26300189
9620.1	00:13:C6:13:74:0E	EM26300190
9620.1	00:13:C6:13:74:0F	EM26300190
9620.1	00:13:C6:13:74:10	EM26300191
9620.1	00:13:C6:13:74:11	EM26300191
9620.1	00:13:C6:13:74:12	EM26300192
9620.1	00:13:C6:13:74:13	EM26300192
9620.1	00:13:C6:13:74:14	EM26300193
9620.1	00:13:C6:13:74:15	EM26300193
9620.1	00:13:C6:13:74:16	EM26300194
9620.1	00:13:C6:13:74:17	EM26300194
9620.1	00:13:C6:13:74:18	EM26300195
9620.1	00:13:C6:13:74:19	EM26300195
9620.1	00:13:C6:13:74:1A	EM26300196
9620.1	00:13:C6:13:74:1B	EM26300196
9620.1	00:13:C6:13:74:1C	EM26300197
9620.1	00:13:C6:13:74:1D	EM26300197
9620.1	00:13:C6:13:74:1E	EM26300198
9620.1	00:13:C6:13:74:1F	EM26300198
9620.1	00:13:C6:13:74:20	EM26300199
9620.1	00:13:C6:13:74:21	EM26300199
9620.1	00:13:C6:13:74:22	EM26300200
9620.1	00:13:C6:13:74:23	EM26300200
9620.1	00:13:C6:13:74:24	EM26300201
9620.1	00:13:C6:13:74:25	EM26300201
9620.1	00:13:C6:13:74:26	EM26300202
9620.1	00:13:C6:13:74:27	EM26300202
9620.1	00:13:C6:13:74:28	EM26300203
9620.1	00:13:C6:13:74:29	EM26300203
9620.1	00:13:C6:13:74:2A	EM26300204
9620.1	00:13:C6:13:74:2B	EM26300204
9620.1	00:13:C6:13:74:2C	EM26300205
9620.1	00:13:C6:13:74:2D	EM26300205
9620.1	00:13:C6:13:74:2E	EM26300206
9620.1	00:13:C6:13:74:2F	EM26300206
9620.1	00:13:C6:13:74:30	EM26300207
9620.1	00:13:C6:13:74:31	EM26300207
9620.1	00:13:C6:13:74:32	EM26300208
9620.1	00:13:C6:13:74:33	EM26300208
9620.1	00:13:C6:13:74:34	EM26300209
9620.1	00:13:C6:13:74:35	EM26300209
9620.1	00:13:C6:13:74:36	EM26300210
9620.1	00:13:C6:13:74:37	EM26300210
9620.1	00:13:C6:13:74:38	EM26300211
9620.1	00:13:C6:13:74:39	EM26300211
9620.1	00:13:C6:13:74:3A	EM26300212
9620.1	00:13:C6:13:74:3B	EM26300212
9620.1	00:13:C6:13:74:3C	EM26300213
9620.1	00:13:C6:13:74:3D	EM26300213
9620.1	00:13:C6:13:74:3E	EM26300214
9620.1	00:13:C6:13:74:3F	EM26300214
9620.1	00:13:C6:13:74:40	EM26300215
9620.1	00:13:C6:13:74:41	EM26300215
9620.1	00:13:C6:13:74:42	EM26300216
9620.1	00:13:C6:13:74:43	EM26300216
9620.1	00:13:C6:13:74:44	EM26300217
9620.1	00:13:C6:13:74:45	EM26300217
9620.1	00:13:C6:13:74:46	EM26300218
9620.1	00:13:C6:13:74:47	EM26300218
9620.1	00:13:C6:13:74:48	EM26300219
9620.1	00:13:C6:13:74:49	EM26300219
9620.1	00:13:C6:13:74:4A	EM26300220
9620.1	00:13:C6:13:74:4B	EM26300220
9620.1	00:13:C6:13:74:4C	EM26300221
9620.1	00:13:C6:13:74:4D	EM26300221
9620.1	00:13:C6:13:74:4E	EM26300222
9620.1	00:13:C6:13:74:4F	EM26300222
9620.1	00:13:C6:13:74:50	EM26300223
9620.1	00:13:C6:13:74:51	EM26300223
9620.1	00:13:C6:13:74:52	EM26300224
9620.1	00:13:C6:13:74:53	EM26300224
9620.1	00:13:C6:13:74:54	EM26300225
9620.1	00:13:C6:13:74:55	EM26300225
9620.1	00:13:C6:13:74:56	EM26300226
9620.1	00:13:C6:13:74:57	EM26300226
9620.1	00:13:C6:13:74:58	EM26300227
9620.1	00:13:C6:13:74:59	EM26300227
9620.1	00:13:C6:13:74:5A	EM26300228
9620.1	00:13:C6:13:74:5B	EM26300228
9620.1	00:13:C6:13:74:5C	EM26300229
9620.1	00:13:C6:13:74:5D	EM26300229
9620.1	00:13:C6:13:74:5E	EM26300230
9620.1	00:13:C6:13:74:5F	EM26300230
9620.1	00:13:C6:13:74:60	EM26300231
9620.1	00:13:C6:13:74:61	EM26300231
9620.1	00:13:C6:13:74:62	EM26300232
9620.1	00:13:C6:13:74:63	EM26300232
9620.1	00:13:C6:13:74:64	EM26300233
9620.1	00:13:C6:13:74:65	EM26300233
9620.1	00:13:C6:13:74:66	EM26300234
9620.1	00:13:C6:13:74:67	EM26300234
9620.1	00:13:C6:13:74:68	EM26300235
9620.1	00:13:C6:13:74:69	EM26300235
9620.1	00:13:C6:13:74:6A	EM26300236
9620.1	00:13:C6:13:74:6B	EM26300236
9620.1	00:13:C6:13:74:6C	EM26300237
9620.1	00:13:C6:13:74:6D	EM26300237
9620.1	00:13:C6:13:74:6E	EM26300238
9620.1	00:13:C6:13:74:6F	EM26300238
9620.1	00:13:C6:13:74:70	EM26300239
9620.1	00:13:C6:13:74:71	EM26300239
9620.1	00:13:C6:13:74:72	EM26300240
9620.1	00:13:C6:13:74:73	EM26300240
9620.1	00:13:C6:13:74:74	EM26300241
9620.1	00:13:C6:13:74:75	EM26300241
9620.1	00:13:C6:13:74:76	EM26300242
9620.1	00:13:C6:13:74:77	EM26300242
9620.1	00:13:C6:13:74:78	EM26300243
9620.1	00:13:C6:13:74:79	EM26300243
9620.1	00:13:C6:13:74:7A	EM26300244
9620.1	00:13:C6:13:74:7B	EM26300244
9620.1	00:13:C6:13:74:7C	EM26300245
9620.1	00:13:C6:13:74:7D	EM26300245
9620.1	00:13:C6:13:74:7E	EM26300246
9620.1	00:13:C6:13:74:7F	EM26300246
9620.1	00:13:C6:13:74:80	EM26300247
9620.1	00:13:C6:13:74:81	EM26300247
9620.1	00:13:C6:13:74:82	EM26300248
9620.1	00:13:C6:13:74:83	EM26300248
9620.1	00:13:C6:13:74:84	EM26300249
9620.1	00:13:C6:13:74:85	EM26300249
9620.1	00:13:C6:13:74:86	EM26300250
9620.1	00:13:C6:13:74:87	EM26300250
9620.1	00:13:C6:13:74:88	EM26300251
9620.1	00:13:C6:13:74:89	EM26300251
9620.1	00:13:C6:13:74:8A	EM26300252
9620.1	00:13:C6:13:74:8B	EM26300252
9620.1	00:13:C6:13:74:8C	EM26300253
9620.1	00:13:C6:13:74:8D	EM26300253
9620.1	00:13:C6:13:74:8E	EM26300254
9620.1	00:13:C6:13:74:8F	EM26300254
9620.1	00:13:C6:13:74:90	EM26300255
9620.1	00:13:C6:13:74:91	EM26300255
9620.1	00:13:C6:13:74:92	EM26300256
9620.1	00:13:C6:13:74:93	EM26300256
9620.1	00:13:C6:13:74:94	EM26300257
9620.1	00:13:C6:13:74:95	EM26300257
9620.1	00:13:C6:13:74:96	EM26300258
9620.1	00:13:C6:13:74:97	EM26300258
9620.1	00:13:C6:13:74:98	EM26300259
9620.1	00:13:C6:13:74:99	EM26300259
9620.1	00:13:C6:13:74:9A	EM26300260
9620.1	00:13:C6:13:74:9B	EM26300260
9620.1	00:13:C6:13:74:9C	EM26300261
9620.1	00:13:C6:13:74:9D	EM26300261
9620.1	00:13:C6:13:74:9E	EM26300262
9620.1	00:13:C6:13:74:9F	EM26300262
9620.1	00:13:C6:13:74:A0	EM26300263
9620.1	00:13:C6:13:74:A1	EM26300263
9620.1	00:13:C6:13:74:A2	EM26300264
9620.1	00:13:C6:13:74:A3	EM26300264
9620.1	00:13:C6:13:74:A4	EM26300265
9620.1	00:13:C6:13:74:A5	EM26300265
9620.1	00:13:C6:13:74:A6	EM26300266
9620.1	00:13:C6:13:74:A7	EM26300266
9620.1	00:13:C6:13:74:A8	EM26300267
9620.1	00:13:C6:13:74:A9	EM26300267
9620.1	00:13:C6:13:74:AA	EM26300268
9620.1	00:13:C6:13:74:AB	EM26300268
9620.1	00:13:C6:13:74:AC	EM26300269
9620.1	00:13:C6:13:74:AD	EM26300269
9620.1	00:13:C6:13:74:AE	EM26300270
9620.1	00:13:C6:13:74:AF	EM26300270
9620.1	00:13:C6:13:74:B0	EM26300271
9620.1	00:13:C6:13:74:B1	EM26300271
9620.1	00:13:C6:13:74:B2	EM26300272
9620.1	00:13:C6:13:74:B3	EM26300272
9620.1	00:13:C6:13:74:B4	EM26300273
9620.1	00:13:C6:13:74:B5	EM26300273
9620.1	00:13:C6:13:74:B6	EM26300274
9620.1	00:13:C6:13:74:B7	EM26300274
9620.1	00:13:C6:13:74:B8	EM26300275
9620.1	00:13:C6:13:74:B9	EM26300275
9620.1	00:13:C6:13:74:BA	EM26300276
9620.1	00:13:C6:13:74:BB	EM26300276
9620.1	00:13:C6:13:74:BC	EM26300277
9620.1	00:13:C6:13:74:BD	EM26300277
9620.1	00:13:C6:13:74:BE	EM26300278
9620.1	00:13:C6:13:74:BF	EM26300278
9620.1	00:13:C6:13:74:C0	EM26300279
9620.1	00:13:C6:13:74:C1	EM26300279
9620.1	00:13:C6:13:74:C2	EM26300280
9620.1	00:13:C6:13:74:C3	EM26300280
9620.1	00:13:C6:13:74:C4	EM26300281
9620.1	00:13:C6:13:74:C5	EM26300281
9620.1	00:13:C6:13:74:C6	EM26300282
9620.1	00:13:C6:13:74:C7	EM26300282
9620.1	00:13:C6:13:74:C8	EM26300283
9620.1	00:13:C6:13:74:C9	EM26300283
9620.1	00:13:C6:13:74:CA	EM26300284
9620.1	00:13:C6:13:74:CB	EM26300284
9620.1	00:13:C6:13:74:CC	EM26300285
9620.1	00:13:C6:13:74:CD	EM26300285
9620.1	00:13:C6:13:74:CE	EM26300286
9620.1	00:13:C6:13:74:CF	EM26300286
9620.1	00:13:C6:13:74:D0	EM26300287
9620.1	00:13:C6:13:74:D1	EM26300287
9620.1	00:13:C6:13:74:D2	EM26300288
9620.1	00:13:C6:13:74:D3	EM26300288
9620.1	00:13:C6:13:74:D4	EM26300289
9620.1	00:13:C6:13:74:D5	EM26300289
9620.1	00:13:C6:13:74:D6	EM26300290
9620.1	00:13:C6:13:74:D7	EM26300290
9620.1	00:13:C6:13:74:D8	EM26300291
9620.1	00:13:C6:13:74:D9	EM26300291
9620.1	00:13:C6:13:74:DA	EM26300292
9620.1	00:13:C6:13:74:DB	EM26300292
9620.1	00:13:C6:13:74:DC	EM26300293
9620.1	00:13:C6:13:74:DD	EM26300293
9620.1	00:13:C6:13:74:DE	EM26300294
9620.1	00:13:C6:13:74:DF	EM26300294
9620.1	00:13:C6:13:74:E0	EM26300295
9620.1	00:13:C6:13:74:E1	EM26300295
9620.1	00:13:C6:13:74:E2	EM26300296
9620.1	00:13:C6:13:74:E3	EM26300296
9620.1	00:13:C6:13:74:E4	EM26300297
9620.1	00:13:C6:13:74:E5	EM26300297
9620.1	00:13:C6:13:74:E6	EM26300298
9620.1	00:13:C6:13:74:E7	EM26300298
9620.1	00:13:C6:13:74:E8	EM26300299
9620.1	00:13:C6:13:74:E9	EM26300299
9620.1	00:13:C6:13:74:EA	EM26300300
9620.1	00:13:C6:13:74:EB	EM26300300
9620.1	00:13:C6:13:74:EC	EM26300301
9620.1	00:13:C6:13:74:ED	EM26300301
9620.1	00:13:C6:13:74:EE	EM26300302
9620.1	00:13:C6:13:74:EF	EM26300302
9620.1	00:13:C6:13:74:F0	EM26300303
9620.1	00:13:C6:13:74:F1	EM26300303
9620.1	00:13:C6:13:74:F2	EM26300304
9620.1	00:13:C6:13:74:F3	EM26300304
9620.1	00:13:C6:13:74:F4	EM26300305
9620.1	00:13:C6:13:74:F5	EM26300305
9620.1	00:13:C6:13:74:F6	EM26300306
9620.1	00:13:C6:13:74:F7	EM26300306
9620.1	00:13:C6:13:74:F8	EM26300307
9620.1	00:13:C6:13:74:F9	EM26300307
9620.1	00:13:C6:13:74:FA	EM26300308
9620.1	00:13:C6:13:74:FB	EM26300308
9620.1	00:13:C6:13:74:FC	EM26300309
9620.1	00:13:C6:13:74:FD	EM26300309
9620.1	00:13:C6:13:74:FE	EM26300310
9620.1	00:13:C6:13:74:FF	EM26300310
9620.1	00:13:C6:13:75:00	EM26300311
9620.1	00:13:C6:13:75:01	EM26300311
9620.1	00:13:C6:13:75:02	EM26300312
9620.1	00:13:C6:13:75:03	EM26300312
9620.1	00:13:C6:13:75:04	EM26300313
9620.1	00:13:C6:13:75:05	EM26300313
9620.1	00:13:C6:13:75:06	EM26300314
9620.1	00:13:C6:13:75:07	EM26300314
9620.1	00:13:C6:13:75:08	EM26300315
9620.1	00:13:C6:13:75:09	EM26300315
9620.1	00:13:C6:13:75:0A	EM26300316
9620.1	00:13:C6:13:75:0B	EM26300316
9620.1	00:13:C6:13:75:0C	EM26300317
9620.1	00:13:C6:13:75:0D	EM26300317
9620.1	00:13:C6:13:75:0E	EM26300318
9620.1	00:13:C6:13:75:0F	EM26300318
9620.1	00:13:C6:13:75:10	EM26300319
9620.1	00:13:C6:13:75:11	EM26300319
9620.1	00:13:C6:13:75:12	EM26300320
9620.1	00:13:C6:13:75:13	EM26300320
9620.1	00:13:C6:13:75:14	EM26300321
9620.1	00:13:C6:13:75:15	EM26300321
9620.1	00:13:C6:13:75:16	EM26300322
9620.1	00:13:C6:13:75:17	EM26300322
9620.1	00:13:C6:13:75:18	EM26300323
9620.1	00:13:C6:13:75:19	EM26300323
9620.1	00:13:C6:13:75:1A	EM26300324
9620.1	00:13:C6:13:75:1B	EM26300324
9620.1	00:13:C6:13:75:1C	EM26300325
9620.1	00:13:C6:13:75:1D	EM26300325
9620.1	00:13:C6:13:75:1E	EM26300326
9620.1	00:13:C6:13:75:1F	EM26300326
9620.1	00:13:C6:13:75:20	EM26300327
9620.1	00:13:C6:13:75:21	EM26300327
9620.1	00:13:C6:13:75:22	EM26300328
9620.1	00:13:C6:13:75:23	EM26300328
9620.1	00:13:C6:13:75:24	EM26300329
9620.1	00:13:C6:13:75:25	EM26300329
9620.1	00:13:C6:13:75:26	EM26300330
9620.1	00:13:C6:13:75:27	EM26300330
9620.1	00:13:C6:13:75:28	EM26300331
9620.1	00:13:C6:13:75:29	EM26300331
9620.1	00:13:C6:13:75:2A	EM26300332
9620.1	00:13:C6:13:75:2B	EM26300332
9620.1	00:13:C6:13:75:2C	EM26300333
9620.1	00:13:C6:13:75:2D	EM26300333
9620.1	00:13:C6:13:75:2E	EM26300334
9620.1	00:13:C6:13:75:2F	EM26300334
9620.1	00:13:C6:13:75:30	EM26300335
9620.1	00:13:C6:13:75:31	EM26300335
9620.1	00:13:C6:13:75:32	EM26300336
9620.1	00:13:C6:13:75:33	EM26300336
9620.1	00:13:C6:13:75:34	EM26300337
9620.1	00:13:C6:13:75:35	EM26300337
9620.1	00:13:C6:13:75:36	EM26300338
9620.1	00:13:C6:13:75:37	EM26300338
9620.1	00:13:C6:13:75:38	EM26300339
9620.1	00:13:C6:13:75:39	EM26300339
9620.1	00:13:C6:13:75:3A	EM26300340
9620.1	00:13:C6:13:75:3B	EM26300340
9620.1	00:13:C6:13:75:3C	EM26300341
9620.1	00:13:C6:13:75:3D	EM26300341
9620.1	00:13:C6:13:75:3E	EM26300342
9620.1	00:13:C6:13:75:3F	EM26300342
9620.1	00:13:C6:13:75:40	EM26300343
9620.1	00:13:C6:13:75:41	EM26300343
9620.1	00:13:C6:13:75:42	EM26300344
9620.1	00:13:C6:13:75:43	EM26300344
9620.1	00:13:C6:13:75:44	EM26300345
9620.1	00:13:C6:13:75:45	EM26300345
9620.1	00:13:C6:13:75:46	EM26300346
9620.1	00:13:C6:13:75:47	EM26300346
9620.1	00:13:C6:13:75:48	EM26300347
9620.1	00:13:C6:13:75:49	EM26300347
9620.1	00:13:C6:13:75:4A	EM26300348
9620.1	00:13:C6:13:75:4B	EM26300348
9620.1	00:13:C6:13:75:4C	EM26300349
9620.1	00:13:C6:13:75:4D	EM26300349
9620.1	00:13:C6:13:75:4E	EM26300350
9620.1	00:13:C6:13:75:4F	EM26300350
9620.1	00:13:C6:13:75:50	EM26300351
9620.1	00:13:C6:13:75:51	EM26300351
9620.1	00:13:C6:13:75:52	EM26300352
9620.1	00:13:C6:13:75:53	EM26300352
9620.1	00:13:C6:13:75:54	EM26300353
9620.1	00:13:C6:13:75:55	EM26300353
9620.1	00:13:C6:13:75:56	EM26300354
9620.1	00:13:C6:13:75:57	EM26300354
9620.1	00:13:C6:13:75:58	EM26300355
9620.1	00:13:C6:13:75:59	EM26300355
9620.1	00:13:C6:13:75:5A	EM26300356
9620.1	00:13:C6:13:75:5B	EM26300356
9620.1	00:13:C6:13:75:5C	EM26300357
9620.1	00:13:C6:13:75:5D	EM26300357
9620.1	00:13:C6:13:75:5E	EM26300358
9620.1	00:13:C6:13:75:5F	EM26300358
9620.1	00:13:C6:13:75:60	EM26300359
9620.1	00:13:C6:13:75:61	EM26300359
9620.1	00:13:C6:13:75:62	EM26300360
9620.1	00:13:C6:13:75:63	EM26300360
9620.1	00:13:C6:13:75:64	EM26300361
9620.1	00:13:C6:13:75:65	EM26300361
9620.1	00:13:C6:13:75:66	EM26300362
9620.1	00:13:C6:13:75:67	EM26300362
9620.1	00:13:C6:13:75:68	EM26300363
9620.1	00:13:C6:13:75:69	EM26300363
9620.1	00:13:C6:13:75:6A	EM26300364
9620.1	00:13:C6:13:75:6B	EM26300364
9620.1	00:13:C6:13:75:6C	EM26300365
9620.1	00:13:C6:13:75:6D	EM26300365
9620.1	00:13:C6:13:75:6E	EM26300366
9620.1	00:13:C6:13:75:6F	EM26300366
9620.1	00:13:C6:13:75:70	EM26300367
9620.1	00:13:C6:13:75:71	EM26300367
9620.1	00:13:C6:13:75:72	EM26300368
9620.1	00:13:C6:13:75:73	EM26300368
9620.1	00:13:C6:13:75:74	EM26300369
9620.1	00:13:C6:13:75:75	EM26300369
9620.1	00:13:C6:13:75:76	EM26300370
9620.1	00:13:C6:13:75:77	EM26300370
9620.1	00:13:C6:13:75:78	EM26300371
9620.1	00:13:C6:13:75:79	EM26300371
9620.1	00:13:C6:13:75:7A	EM26300372
9620.1	00:13:C6:13:75:7B	EM26300372
9620.1	00:13:C6:13:75:7C	EM26300373
9620.1	00:13:C6:13:75:7D	EM26300373
9620.1	00:13:C6:13:75:7E	EM26300374
9620.1	00:13:C6:13:75:7F	EM26300374
9620.1	00:13:C6:13:75:80	EM26300375
9620.1	00:13:C6:13:75:81	EM26300375
9620.1	00:13:C6:13:75:82	EM26300376
9620.1	00:13:C6:13:75:83	EM26300376
9620.1	00:13:C6:13:75:84	EM26300377
9620.1	00:13:C6:13:75:85	EM26300377
9620.1	00:13:C6:13:75:86	EM26300378
9620.1	00:13:C6:13:75:87	EM26300378
9620.1	00:13:C6:13:75:88	EM26300379
9620.1	00:13:C6:13:75:89	EM26300379
9620.1	00:13:C6:13:75:8A	EM26300380
9620.1	00:13:C6:13:75:8B	EM26300380
9620.1	00:13:C6:13:75:8C	EM26300381
9620.1	00:13:C6:13:75:8D	EM26300381
9620.1	00:13:C6:13:75:8E	EM26300382
9620.1	00:13:C6:13:75:8F	EM26300382
9620.1	00:13:C6:13:75:90	EM26300383
9620.1	00:13:C6:13:75:91	EM26300383
9620.1	00:13:C6:13:75:92	EM26300384
9620.1	00:13:C6:13:75:93	EM26300384
9620.1	00:13:C6:13:75:94	EM26300385
9620.1	00:13:C6:13:75:95	EM26300385
9620.1	00:13:C6:13:75:96	EM26300386
9620.1	00:13:C6:13:75:97	EM26300386
9620.1	00:13:C6:13:75:98	EM26300387
9620.1	00:13:C6:13:75:99	EM26300387
9620.1	00:13:C6:13:75:9A	EM26300388
9620.1	00:13:C6:13:75:9B	EM26300388
9620.1	00:13:C6:13:75:9C	EM26300389
9620.1	00:13:C6:13:75:9D	EM26300389
9620.1	00:13:C6:13:75:9E	EM26300390
9620.1	00:13:C6:13:75:9F	EM26300390
9620.1	00:13:C6:13:75:A0	EM26300391
9620.1	00:13:C6:13:75:A1	EM26300391
9620.1	00:13:C6:13:75:A2	EM26300392
9620.1	00:13:C6:13:75:A3	EM26300392
9620.1	00:13:C6:13:75:A4	EM26300393
9620.1	00:13:C6:13:75:A5	EM26300393
9620.1	00:13:C6:13:75:A6	EM26300394
9620.1	00:13:C6:13:75:A7	EM26300394
9620.1	00:13:C6:13:75:A8	EM26300395
9620.1	00:13:C6:13:75:A9	EM26300395
9620.1	00:13:C6:13:75:AA	EM26300396
9620.1	00:13:C6:13:75:AB	EM26300396
9620.1	00:13:C6:13:75:AC	EM26300397
9620.1	00:13:C6:13:75:AD	EM26300397
9620.1	00:13:C6:13:75:AE	EM26300398
9620.1	00:13:C6:13:75:AF	EM26300398
9620.1	00:13:C6:13:75:B0	EM26300399
9620.1	00:13:C6:13:75:B1	EM26300399
9620.1	00:13:C6:13:75:B2	EM26300400
9620.1	00:13:C6:13:75:B3	EM26300400
9620.1	00:13:C6:13:75:B4	EM26300401
9620.1	00:13:C6:13:75:B5	EM26300401
9620.1	00:13:C6:13:75:B6	EM26300402
9620.1	00:13:C6:13:75:B7	EM26300402
9620.1	00:13:C6:13:75:B8	EM26300403
9620.1	00:13:C6:13:75:B9	EM26300403
9620.1	00:13:C6:13:75:BA	EM26300404
9620.1	00:13:C6:13:75:BB	EM26300404
9620.1	00:13:C6:13:75:BC	EM26300405
9620.1	00:13:C6:13:75:BD	EM26300405
9620.1	00:13:C6:13:75:BE	EM26300406
9620.1	00:13:C6:13:75:BF	EM26300406
9620.1	00:13:C6:13:75:C0	EM26300407
9620.1	00:13:C6:13:75:C1	EM26300407
9620.1	00:13:C6:13:75:C2	EM26300408
9620.1	00:13:C6:13:75:C3	EM26300408
9620.1	00:13:C6:13:75:C4	EM26300409
9620.1	00:13:C6:13:75:C5	EM26300409
9620.1	00:13:C6:13:75:C6	EM26300410
9620.1	00:13:C6:13:75:C7	EM26300410
9620.1	00:13:C6:13:75:C8	EM26300411
9620.1	00:13:C6:13:75:C9	EM26300411
9620.1	00:13:C6:13:75:CA	EM26300412
9620.1	00:13:C6:13:75:CB	EM26300412
9620.1	00:13:C6:13:75:CC	EM26300413
9620.1	00:13:C6:13:75:CD	EM26300413
9620.1	00:13:C6:13:75:CE	EM26300414
9620.1	00:13:C6:13:75:CF	EM26300414
9620.1	00:13:C6:13:75:D0	EM26300415
9620.1	00:13:C6:13:75:D1	EM26300415
9620.1	00:13:C6:13:75:D2	EM26300416
9620.1	00:13:C6:13:75:D3	EM26300416
9620.1	00:13:C6:13:75:D4	EM26300417
9620.1	00:13:C6:13:75:D5	EM26300417
9620.1	00:13:C6:13:75:D6	EM26300418
9620.1	00:13:C6:13:75:D7	EM26300418
9620.1	00:13:C6:13:75:D8	EM26300419
9620.1	00:13:C6:13:75:D9	EM26300419
9620.1	00:13:C6:13:75:DA	EM26300420
9620.1	00:13:C6:13:75:DB	EM26300420
9620.1	00:13:C6:13:75:DC	EM26300421
9620.1	00:13:C6:13:75:DD	EM26300421
9620.1	00:13:C6:13:75:DE	EM26300422
9620.1	00:13:C6:13:75:DF	EM26300422
9620.1	00:13:C6:13:75:E0	EM26300423
9620.1	00:13:C6:13:75:E1	EM26300423
9620.1	00:13:C6:13:75:E2	EM26300424
9620.1	00:13:C6:13:75:E3	EM26300424
9620.1	00:13:C6:13:75:E4	EM26300425
9620.1	00:13:C6:13:75:E5	EM26300425
9620.1	00:13:C6:13:75:E6	EM26300426
9620.1	00:13:C6:13:75:E7	EM26300426
9620.1	00:13:C6:13:75:E8	EM26300427
9620.1	00:13:C6:13:75:E9	EM26300427
9620.1	00:13:C6:13:75:EA	EM26300428
9620.1	00:13:C6:13:75:EB	EM26300428
9620.1	00:13:C6:13:75:EC	EM26300429
9620.1	00:13:C6:13:75:ED	EM26300429
9620.1	00:13:C6:13:75:EE	EM26300430
9620.1	00:13:C6:13:75:EF	EM26300430
9620.1	00:13:C6:13:75:F0	EM26300431
9620.1	00:13:C6:13:75:F1	EM26300431
9620.1	00:13:C6:13:75:F2	EM26300432
9620.1	00:13:C6:13:75:F3	EM26300432
9620.1	00:13:C6:13:75:F4	EM26300433
9620.1	00:13:C6:13:75:F5	EM26300433
9620.1	00:13:C6:13:75:F6	EM26300434
9620.1	00:13:C6:13:75:F7	EM26300434
9620.1	00:13:C6:13:75:F8	EM26300435
9620.1	00:13:C6:13:75:F9	EM26300435
9620.1	00:13:C6:13:75:FA	EM26300436
9620.1	00:13:C6:13:75:FB	EM26300436
9620.1	00:13:C6:13:75:FC	EM26300437
9620.1	00:13:C6:13:75:FD	EM26300437
9620.1	00:13:C6:13:75:FE	EM26300438
9620.1	00:13:C6:13:75:FF	EM26300438
9620.1	00:13:C6:13:76:00	EM26300439
9620.1	00:13:C6:13:76:01	EM26300439
9620.1	00:13:C6:13:76:02	EM26300440
9620.1	00:13:C6:13:76:03	EM26300440
9620.1	00:13:C6:13:76:04	EM26300441
9620.1	00:13:C6:13:76:05	EM26300441
9620.1	00:13:C6:13:76:06	EM26300442
9620.1	00:13:C6:13:76:07	EM26300442
9620.1	00:13:C6:13:76:08	EM26300443
9620.1	00:13:C6:13:76:09	EM26300443
9620.1	00:13:C6:13:76:0A	EM26300444
9620.1	00:13:C6:13:76:0B	EM26300444
9620.1	00:13:C6:13:76:0C	EM26300445
9620.1	00:13:C6:13:76:0D	EM26300445
9620.1	00:13:C6:13:76:0E	EM26300446
9620.1	00:13:C6:13:76:0F	EM26300446
9620.1	00:13:C6:13:76:10	EM26300447
9620.1	00:13:C6:13:76:11	EM26300447
9620.1	00:13:C6:13:76:12	EM26300448
9620.1	00:13:C6:13:76:13	EM26300448
9620.1	00:13:C6:13:76:14	EM26300449
9620.1	00:13:C6:13:76:15	EM26300449
9620.1	00:13:C6:13:76:16	EM26300450
9620.1	00:13:C6:13:76:17	EM26300450
		
9618.1	00:13:C6:13:76:18	EM26310001
9618.1	00:13:C6:13:76:19	EM26310001
9618.1	00:13:C6:13:76:1A	EM26310002
9618.1	00:13:C6:13:76:1B	EM26310002
9618.1	00:13:C6:13:76:1C	EM26310003
9618.1	00:13:C6:13:76:1D	EM26310003
9618.1	00:13:C6:13:76:1E	EM26310004
9618.1	00:13:C6:13:76:1F	EM26310004
9618.1	00:13:C6:13:76:20	EM26310005
9618.1	00:13:C6:13:76:21	EM26310005
9618.1	00:13:C6:13:76:22	EM26310006
9618.1	00:13:C6:13:76:23	EM26310006
9618.1	00:13:C6:13:76:24	EM26310007
9618.1	00:13:C6:13:76:25	EM26310007
9618.1	00:13:C6:13:76:26	EM26310008
9618.1	00:13:C6:13:76:27	EM26310008
9618.1	00:13:C6:13:76:28	EM26310009
9618.1	00:13:C6:13:76:29	EM26310009
9618.1	00:13:C6:13:76:2A	EM26310010
9618.1	00:13:C6:13:76:2B	EM26310010
9618.1	00:13:C6:13:76:2C	EM26310011
9618.1	00:13:C6:13:76:2D	EM26310011
9618.1	00:13:C6:13:76:2E	EM26310012
9618.1	00:13:C6:13:76:2F	EM26310012
9618.1	00:13:C6:13:76:30	EM26310013
9618.1	00:13:C6:13:76:31	EM26310013
9618.1	00:13:C6:13:76:32	EM26310014
9618.1	00:13:C6:13:76:33	EM26310014
9618.1	00:13:C6:13:76:34	EM26310015
9618.1	00:13:C6:13:76:35	EM26310015
9618.1	00:13:C6:13:76:36	EM26310016
9618.1	00:13:C6:13:76:37	EM26310016
9618.1	00:13:C6:13:76:38	EM26310017
9618.1	00:13:C6:13:76:39	EM26310017
9618.1	00:13:C6:13:76:3A	EM26310018
9618.1	00:13:C6:13:76:3B	EM26310018
9618.1	00:13:C6:13:76:3C	EM26310019
9618.1	00:13:C6:13:76:3D	EM26310019
9618.1	00:13:C6:13:76:3E	EM26310020
9618.1	00:13:C6:13:76:3F	EM26310020
9618.1	00:13:C6:13:76:40	EM26310021
9618.1	00:13:C6:13:76:41	EM26310021
9618.1	00:13:C6:13:76:42	EM26310022
9618.1	00:13:C6:13:76:43	EM26310022
9618.1	00:13:C6:13:76:44	EM26310023
9618.1	00:13:C6:13:76:45	EM26310023
9618.1	00:13:C6:13:76:46	EM26310024
9618.1	00:13:C6:13:76:47	EM26310024
9618.1	00:13:C6:13:76:48	EM26310025
9618.1	00:13:C6:13:76:49	EM26310025
9618.1	00:13:C6:13:76:4A	EM26310026
9618.1	00:13:C6:13:76:4B	EM26310026
9618.1	00:13:C6:13:76:4C	EM26310027
9618.1	00:13:C6:13:76:4D	EM26310027
9618.1	00:13:C6:13:76:4E	EM26310028
9618.1	00:13:C6:13:76:4F	EM26310028
9618.1	00:13:C6:13:76:50	EM26310029
9618.1	00:13:C6:13:76:51	EM26310029
9618.1	00:13:C6:13:76:52	EM26310030
9618.1	00:13:C6:13:76:53	EM26310030
9618.1	00:13:C6:13:76:54	EM26310031
9618.1	00:13:C6:13:76:55	EM26310031
9618.1	00:13:C6:13:76:56	EM26310032
9618.1	00:13:C6:13:76:57	EM26310032
9618.1	00:13:C6:13:76:58	EM26310033
9618.1	00:13:C6:13:76:59	EM26310033
9618.1	00:13:C6:13:76:5A	EM26310034
9618.1	00:13:C6:13:76:5B	EM26310034
9618.1	00:13:C6:13:76:5C	EM26310035
9618.1	00:13:C6:13:76:5D	EM26310035
9618.1	00:13:C6:13:76:5E	EM26310036
9618.1	00:13:C6:13:76:5F	EM26310036
9618.1	00:13:C6:13:76:60	EM26310037
9618.1	00:13:C6:13:76:61	EM26310037
9618.1	00:13:C6:13:76:62	EM26310038
9618.1	00:13:C6:13:76:63	EM26310038
9618.1	00:13:C6:13:76:64	EM26310039
9618.1	00:13:C6:13:76:65	EM26310039
9618.1	00:13:C6:13:76:66	EM26310040
9618.1	00:13:C6:13:76:67	EM26310040
9618.1	00:13:C6:13:76:68	EM26310041
9618.1	00:13:C6:13:76:69	EM26310041
9618.1	00:13:C6:13:76:6A	EM26310042
9618.1	00:13:C6:13:76:6B	EM26310042
9618.1	00:13:C6:13:76:6C	EM26310043
9618.1	00:13:C6:13:76:6D	EM26310043
9618.1	00:13:C6:13:76:6E	EM26310044
9618.1	00:13:C6:13:76:6F	EM26310044
9618.1	00:13:C6:13:76:70	EM26310045
9618.1	00:13:C6:13:76:71	EM26310045
9618.1	00:13:C6:13:76:72	EM26310046
9618.1	00:13:C6:13:76:73	EM26310046
9618.1	00:13:C6:13:76:74	EM26310047
9618.1	00:13:C6:13:76:75	EM26310047
9618.1	00:13:C6:13:76:76	EM26310048
9618.1	00:13:C6:13:76:77	EM26310048
9618.1	00:13:C6:13:76:78	EM26310049
9618.1	00:13:C6:13:76:79	EM26310049
9618.1	00:13:C6:13:76:7A	EM26310050
9618.1	00:13:C6:13:76:7B	EM26310050
9618.1	00:13:C6:13:76:7C	EM26310051
9618.1	00:13:C6:13:76:7D	EM26310051
9618.1	00:13:C6:13:76:7E	EM26310052
9618.1	00:13:C6:13:76:7F	EM26310052
9618.1	00:13:C6:13:76:80	EM26310053
9618.1	00:13:C6:13:76:81	EM26310053
9618.1	00:13:C6:13:76:82	EM26310054
9618.1	00:13:C6:13:76:83	EM26310054
9618.1	00:13:C6:13:76:84	EM26310055
9618.1	00:13:C6:13:76:85	EM26310055
9618.1	00:13:C6:13:76:86	EM26310056
9618.1	00:13:C6:13:76:87	EM26310056
9618.1	00:13:C6:13:76:88	EM26310057
9618.1	00:13:C6:13:76:89	EM26310057
9618.1	00:13:C6:13:76:8A	EM26310058
9618.1	00:13:C6:13:76:8B	EM26310058
9618.1	00:13:C6:13:76:8C	EM26310059
9618.1	00:13:C6:13:76:8D	EM26310059
9618.1	00:13:C6:13:76:8E	EM26310060
9618.1	00:13:C6:13:76:8F	EM26310060
9618.1	00:13:C6:13:76:90	EM26310061
9618.1	00:13:C6:13:76:91	EM26310061
9618.1	00:13:C6:13:76:92	EM26310062
9618.1	00:13:C6:13:76:93	EM26310062
9618.1	00:13:C6:13:76:94	EM26310063
9618.1	00:13:C6:13:76:95	EM26310063
9618.1	00:13:C6:13:76:96	EM26310064
9618.1	00:13:C6:13:76:97	EM26310064
9618.1	00:13:C6:13:76:98	EM26310065
9618.1	00:13:C6:13:76:99	EM26310065
9618.1	00:13:C6:13:76:9A	EM26310066
9618.1	00:13:C6:13:76:9B	EM26310066
9618.1	00:13:C6:13:76:9C	EM26310067
9618.1	00:13:C6:13:76:9D	EM26310067
9618.1	00:13:C6:13:76:9E	EM26310068
9618.1	00:13:C6:13:76:9F	EM26310068
9618.1	00:13:C6:13:76:A0	EM26310069
9618.1	00:13:C6:13:76:A1	EM26310069
9618.1	00:13:C6:13:76:A2	EM26310070
9618.1	00:13:C6:13:76:A3	EM26310070
9618.1	00:13:C6:13:76:A4	EM26310071
9618.1	00:13:C6:13:76:A5	EM26310071
9618.1	00:13:C6:13:76:A6	EM26310072
9618.1	00:13:C6:13:76:A7	EM26310072
9618.1	00:13:C6:13:76:A8	EM26310073
9618.1	00:13:C6:13:76:A9	EM26310073
9618.1	00:13:C6:13:76:AA	EM26310074
9618.1	00:13:C6:13:76:AB	EM26310074
9618.1	00:13:C6:13:76:AC	EM26310075
9618.1	00:13:C6:13:76:AD	EM26310075
9618.1	00:13:C6:13:76:AE	EM26310076
9618.1	00:13:C6:13:76:AF	EM26310076
9618.1	00:13:C6:13:76:B0	EM26310077
9618.1	00:13:C6:13:76:B1	EM26310077
9618.1	00:13:C6:13:76:B2	EM26310078
9618.1	00:13:C6:13:76:B3	EM26310078
9618.1	00:13:C6:13:76:B4	EM26310079
9618.1	00:13:C6:13:76:B5	EM26310079
9618.1	00:13:C6:13:76:B6	EM26310080
9618.1	00:13:C6:13:76:B7	EM26310080
9618.1	00:13:C6:13:76:B8	EM26310081
9618.1	00:13:C6:13:76:B9	EM26310081
9618.1	00:13:C6:13:76:BA	EM26310082
9618.1	00:13:C6:13:76:BB	EM26310082
9618.1	00:13:C6:13:76:BC	EM26310083
9618.1	00:13:C6:13:76:BD	EM26310083
9618.1	00:13:C6:13:76:BE	EM26310084
9618.1	00:13:C6:13:76:BF	EM26310084
9618.1	00:13:C6:13:76:C0	EM26310085
9618.1	00:13:C6:13:76:C1	EM26310085
9618.1	00:13:C6:13:76:C2	EM26310086
9618.1	00:13:C6:13:76:C3	EM26310086
9618.1	00:13:C6:13:76:C4	EM26310087
9618.1	00:13:C6:13:76:C5	EM26310087
9618.1	00:13:C6:13:76:C6	EM26310088
9618.1	00:13:C6:13:76:C7	EM26310088
9618.1	00:13:C6:13:76:C8	EM26310089
9618.1	00:13:C6:13:76:C9	EM26310089
9618.1	00:13:C6:13:76:CA	EM26310090
9618.1	00:13:C6:13:76:CB	EM26310090
9618.1	00:13:C6:13:76:CC	EM26310091
9618.1	00:13:C6:13:76:CD	EM26310091
9618.1	00:13:C6:13:76:CE	EM26310092
9618.1	00:13:C6:13:76:CF	EM26310092
9618.1	00:13:C6:13:76:D0	EM26310093
9618.1	00:13:C6:13:76:D1	EM26310093
9618.1	00:13:C6:13:76:D2	EM26310094
9618.1	00:13:C6:13:76:D3	EM26310094
9618.1	00:13:C6:13:76:D4	EM26310095
9618.1	00:13:C6:13:76:D5	EM26310095
9618.1	00:13:C6:13:76:D6	EM26310096
9618.1	00:13:C6:13:76:D7	EM26310096
9618.1	00:13:C6:13:76:D8	EM26310097
9618.1	00:13:C6:13:76:D9	EM26310097
9618.1	00:13:C6:13:76:DA	EM26310098
9618.1	00:13:C6:13:76:DB	EM26310098
9618.1	00:13:C6:13:76:DC	EM26310099
9618.1	00:13:C6:13:76:DD	EM26310099
9618.1	00:13:C6:13:76:DE	EM26310100
9618.1	00:13:C6:13:76:DF	EM26310100
9618.1	00:13:C6:13:76:E0	EM26310101
9618.1	00:13:C6:13:76:E1	EM26310101
9618.1	00:13:C6:13:76:E2	EM26310102
9618.1	00:13:C6:13:76:E3	EM26310102
9618.1	00:13:C6:13:76:E4	EM26310103
9618.1	00:13:C6:13:76:E5	EM26310103
9618.1	00:13:C6:13:76:E6	EM26310104
9618.1	00:13:C6:13:76:E7	EM26310104
9618.1	00:13:C6:13:76:E8	EM26310105
9618.1	00:13:C6:13:76:E9	EM26310105
9618.1	00:13:C6:13:76:EA	EM26310106
9618.1	00:13:C6:13:76:EB	EM26310106
9618.1	00:13:C6:13:76:EC	EM26310107
9618.1	00:13:C6:13:76:ED	EM26310107
9618.1	00:13:C6:13:76:EE	EM26310108
9618.1	00:13:C6:13:76:EF	EM26310108
9618.1	00:13:C6:13:76:F0	EM26310109
9618.1	00:13:C6:13:76:F1	EM26310109
9618.1	00:13:C6:13:76:F2	EM26310110
9618.1	00:13:C6:13:76:F3	EM26310110
9618.1	00:13:C6:13:76:F4	EM26310111
9618.1	00:13:C6:13:76:F5	EM26310111
9618.1	00:13:C6:13:76:F6	EM26310112
9618.1	00:13:C6:13:76:F7	EM26310112
9618.1	00:13:C6:13:76:F8	EM26310113
9618.1	00:13:C6:13:76:F9	EM26310113
9618.1	00:13:C6:13:76:FA	EM26310114
9618.1	00:13:C6:13:76:FB	EM26310114
9618.1	00:13:C6:13:76:FC	EM26310115
9618.1	00:13:C6:13:76:FD	EM26310115
9618.1	00:13:C6:13:76:FE	EM26310116
9618.1	00:13:C6:13:76:FF	EM26310116
9618.1	00:13:C6:13:77:00	EM26310117
9618.1	00:13:C6:13:77:01	EM26310117
9618.1	00:13:C6:13:77:02	EM26310118
9618.1	00:13:C6:13:77:03	EM26310118
9618.1	00:13:C6:13:77:04	EM26310119
9618.1	00:13:C6:13:77:05	EM26310119
9618.1	00:13:C6:13:77:06	EM26310120
9618.1	00:13:C6:13:77:07	EM26310120
9618.1	00:13:C6:13:77:08	EM26310121
9618.1	00:13:C6:13:77:09	EM26310121
9618.1	00:13:C6:13:77:0A	EM26310122
9618.1	00:13:C6:13:77:0B	EM26310122
9618.1	00:13:C6:13:77:0C	EM26310123
9618.1	00:13:C6:13:77:0D	EM26310123
9618.1	00:13:C6:13:77:0E	EM26310124
9618.1	00:13:C6:13:77:0F	EM26310124
9618.1	00:13:C6:13:77:10	EM26310125
9618.1	00:13:C6:13:77:11	EM26310125
9618.1	00:13:C6:13:77:12	EM26310126
9618.1	00:13:C6:13:77:13	EM26310126
9618.1	00:13:C6:13:77:14	EM26310127
9618.1	00:13:C6:13:77:15	EM26310127
9618.1	00:13:C6:13:77:16	EM26310128
9618.1	00:13:C6:13:77:17	EM26310128
9618.1	00:13:C6:13:77:18	EM26310129
9618.1	00:13:C6:13:77:19	EM26310129
9618.1	00:13:C6:13:77:1A	EM26310130
9618.1	00:13:C6:13:77:1B	EM26310130
9618.1	00:13:C6:13:77:1C	EM26310131
9618.1	00:13:C6:13:77:1D	EM26310131
9618.1	00:13:C6:13:77:1E	EM26310132
9618.1	00:13:C6:13:77:1F	EM26310132
9618.1	00:13:C6:13:77:20	EM26310133
9618.1	00:13:C6:13:77:21	EM26310133
9618.1	00:13:C6:13:77:22	EM26310134
9618.1	00:13:C6:13:77:23	EM26310134
9618.1	00:13:C6:13:77:24	EM26310135
9618.1	00:13:C6:13:77:25	EM26310135
9618.1	00:13:C6:13:77:26	EM26310136
9618.1	00:13:C6:13:77:27	EM26310136
9618.1	00:13:C6:13:77:28	EM26310137
9618.1	00:13:C6:13:77:29	EM26310137
9618.1	00:13:C6:13:77:2A	EM26310138
9618.1	00:13:C6:13:77:2B	EM26310138
9618.1	00:13:C6:13:77:2C	EM26310139
9618.1	00:13:C6:13:77:2D	EM26310139
9618.1	00:13:C6:13:77:2E	EM26310140
9618.1	00:13:C6:13:77:2F	EM26310140
9618.1	00:13:C6:13:77:30	EM26310141
9618.1	00:13:C6:13:77:31	EM26310141
9618.1	00:13:C6:13:77:32	EM26310142
9618.1	00:13:C6:13:77:33	EM26310142
9618.1	00:13:C6:13:77:34	EM26310143
9618.1	00:13:C6:13:77:35	EM26310143
9618.1	00:13:C6:13:77:36	EM26310144
9618.1	00:13:C6:13:77:37	EM26310144
9618.1	00:13:C6:13:77:38	EM26310145
9618.1	00:13:C6:13:77:39	EM26310145
9618.1	00:13:C6:13:77:3A	EM26310146
9618.1	00:13:C6:13:77:3B	EM26310146
9618.1	00:13:C6:13:77:3C	EM26310147
9618.1	00:13:C6:13:77:3D	EM26310147
9618.1	00:13:C6:13:77:3E	EM26310148
9618.1	00:13:C6:13:77:3F	EM26310148
9618.1	00:13:C6:13:77:40	EM26310149
9618.1	00:13:C6:13:77:41	EM26310149
9618.1	00:13:C6:13:77:42	EM26310150
9618.1	00:13:C6:13:77:43	EM26310150
9618.1	00:13:C6:13:77:44	EM26310151
9618.1	00:13:C6:13:77:45	EM26310151
9618.1	00:13:C6:13:77:46	EM26310152
9618.1	00:13:C6:13:77:47	EM26310152
9618.1	00:13:C6:13:77:48	EM26310153
9618.1	00:13:C6:13:77:49	EM26310153
9618.1	00:13:C6:13:77:4A	EM26310154
9618.1	00:13:C6:13:77:4B	EM26310154
9618.1	00:13:C6:13:77:4C	EM26310155
9618.1	00:13:C6:13:77:4D	EM26310155
9618.1	00:13:C6:13:77:4E	EM26310156
9618.1	00:13:C6:13:77:4F	EM26310156
9618.1	00:13:C6:13:77:50	EM26310157
9618.1	00:13:C6:13:77:51	EM26310157
9618.1	00:13:C6:13:77:52	EM26310158
9618.1	00:13:C6:13:77:53	EM26310158
9618.1	00:13:C6:13:77:54	EM26310159
9618.1	00:13:C6:13:77:55	EM26310159
9618.1	00:13:C6:13:77:56	EM26310160
9618.1	00:13:C6:13:77:57	EM26310160
9618.1	00:13:C6:13:77:58	EM26310161
9618.1	00:13:C6:13:77:59	EM26310161
9618.1	00:13:C6:13:77:5A	EM26310162
9618.1	00:13:C6:13:77:5B	EM26310162
9618.1	00:13:C6:13:77:5C	EM26310163
9618.1	00:13:C6:13:77:5D	EM26310163
9618.1	00:13:C6:13:77:5E	EM26310164
9618.1	00:13:C6:13:77:5F	EM26310164
9618.1	00:13:C6:13:77:60	EM26310165
9618.1	00:13:C6:13:77:61	EM26310165
9618.1	00:13:C6:13:77:62	EM26310166
9618.1	00:13:C6:13:77:63	EM26310166
9618.1	00:13:C6:13:77:64	EM26310167
9618.1	00:13:C6:13:77:65	EM26310167
9618.1	00:13:C6:13:77:66	EM26310168
9618.1	00:13:C6:13:77:67	EM26310168
9618.1	00:13:C6:13:77:68	EM26310169
9618.1	00:13:C6:13:77:69	EM26310169
9618.1	00:13:C6:13:77:6A	EM26310170
9618.1	00:13:C6:13:77:6B	EM26310170
9618.1	00:13:C6:13:77:6C	EM26310171
9618.1	00:13:C6:13:77:6D	EM26310171
9618.1	00:13:C6:13:77:6E	EM26310172
9618.1	00:13:C6:13:77:6F	EM26310172
9618.1	00:13:C6:13:77:70	EM26310173
9618.1	00:13:C6:13:77:71	EM26310173
9618.1	00:13:C6:13:77:72	EM26310174
9618.1	00:13:C6:13:77:73	EM26310174
9618.1	00:13:C6:13:77:74	EM26310175
9618.1	00:13:C6:13:77:75	EM26310175
9618.1	00:13:C6:13:77:76	EM26310176
9618.1	00:13:C6:13:77:77	EM26310176
9618.1	00:13:C6:13:77:78	EM26310177
9618.1	00:13:C6:13:77:79	EM26310177
9618.1	00:13:C6:13:77:7A	EM26310178
9618.1	00:13:C6:13:77:7B	EM26310178
9618.1	00:13:C6:13:77:7C	EM26310179
9618.1	00:13:C6:13:77:7D	EM26310179
9618.1	00:13:C6:13:77:7E	EM26310180
9618.1	00:13:C6:13:77:7F	EM26310180
9618.1	00:13:C6:13:77:80	EM26310181
9618.1	00:13:C6:13:77:81	EM26310181
9618.1	00:13:C6:13:77:82	EM26310182
9618.1	00:13:C6:13:77:83	EM26310182
9618.1	00:13:C6:13:77:84	EM26310183
9618.1	00:13:C6:13:77:85	EM26310183
9618.1	00:13:C6:13:77:86	EM26310184
9618.1	00:13:C6:13:77:87	EM26310184
9618.1	00:13:C6:13:77:88	EM26310185
9618.1	00:13:C6:13:77:89	EM26310185
9618.1	00:13:C6:13:77:8A	EM26310186
9618.1	00:13:C6:13:77:8B	EM26310186
9618.1	00:13:C6:13:77: 8C	EM26310187
9618.1	00:13:C6:13:77:8D	EM26310187
9618.1	00:13:C6:13:77:8E	EM26310188
9618.1	00:13:C6:13:77:8F	EM26310188
9618.1	00:13:C6:13:77:90	EM26310189
9618.1	00:13:C6:13:77:91	EM26310189
9618.1	00:13:C6:13:77:92	EM26310190
9618.1	00:13:C6:13:77:93	EM26310190
9618.1	00:13:C6:13:77:94	EM26310191
9618.1	00:13:C6:13:77:95	EM26310191
9618.1	00:13:C6:13:77:96	EM26310192
9618.1	00:13:C6:13:77:97	EM26310192
9618.1	00:13:C6:13:77:98	EM26310193
9618.1	00:13:C6:13:77:99	EM26310193
9618.1	00:13:C6:13:77:9A	EM26310194
9618.1	00:13:C6:13:77:9B	EM26310194
9618.1	00:13:C6:13:77:9C	EM26310195
9618.1	00:13:C6:13:77:9D	EM26310195
9618.1	00:13:C6:13:77:9E	EM26310196
9618.1	00:13:C6:13:77:9F	EM26310196
9618.1	00:13:C6:13:77:A0	EM26310197
9618.1	00:13:C6:13:77:A1	EM26310197
9618.1	00:13:C6:13:77:A2	EM26310198
9618.1	00:13:C6:13:77:A3	EM26310198
9618.1	00:13:C6:13:77:A4	EM26310199
9618.1	00:13:C6:13:77:A5	EM26310199
9618.1	00:13:C6:13:77:A6	EM26310200
9618.1	00:13:C6:13:77:A7	EM26310200
9618.1	00:13:C6:13:77:A8	EM26310201
9618.1	00:13:C6:13:77:A9	EM26310201
9618.1	00:13:C6:13:77:AA	EM26310202
9618.1	00:13:C6:13:77:AB	EM26310202
9618.1	00:13:C6:13:77:AC	EM26310203
9618.1	00:13:C6:13:77:AD	EM26310203
9618.1	00:13:C6:13:77:AE	EM26310204
9618.1	00:13:C6:13:77:AF	EM26310204
9618.1	00:13:C6:13:77:B0	EM26310205
9618.1	00:13:C6:13:77:B1	EM26310205
9618.1	00:13:C6:13:77:B2	EM26310206
9618.1	00:13:C6:13:77:B3	EM26310206
9618.1	00:13:C6:13:77:B4	EM26310207
9618.1	00:13:C6:13:77:B5	EM26310207
9618.1	00:13:C6:13:77:B6	EM26310208
9618.1	00:13:C6:13:77:B7	EM26310208
9618.1	00:13:C6:13:77:B8	EM26310209
9618.1	00:13:C6:13:77:B9	EM26310209
9618.1	00:13:C6:13:77:BA	EM26310210
9618.1	00:13:C6:13:77:BB	EM26310210
9618.1	00:13:C6:13:77:BC	EM26310211
9618.1	00:13:C6:13:77:BD	EM26310211
9618.1	00:13:C6:13:77:BE	EM26310212
9618.1	00:13:C6:13:77:BF	EM26310212
9618.1	00:13:C6:13:77:C0	EM26310213
9618.1	00:13:C6:13:77:C1	EM26310213
9618.1	00:13:C6:13:77:C2	EM26310214
9618.1	00:13:C6:13:77:C3	EM26310214
9618.1	00:13:C6:13:77:C4	EM26310215
9618.1	00:13:C6:13:77:C5	EM26310215
9618.1	00:13:C6:13:77:C6	EM26310216
9618.1	00:13:C6:13:77:C7	EM26310216
9618.1	00:13:C6:13:77:C8	EM26310217
9618.1	00:13:C6:13:77:C9	EM26310217
9618.1	00:13:C6:13:77:CA	EM26310218
9618.1	00:13:C6:13:77:CB	EM26310218
9618.1	00:13:C6:13:77:CC	EM26310219
9618.1	00:13:C6:13:77:CD	EM26310219
9618.1	00:13:C6:13:77:CE	EM26310220
9618.1	00:13:C6:13:77:CF	EM26310220
9618.1	00:13:C6:13:77:D0	EM26310221
9618.1	00:13:C6:13:77:D1	EM26310221
9618.1	00:13:C6:13:77:D2	EM26310222
9618.1	00:13:C6:13:77:D3	EM26310222
9618.1	00:13:C6:13:77:D4	EM26310223
9618.1	00:13:C6:13:77:D5	EM26310223
9618.1	00:13:C6:13:77:D6	EM26310224
9618.1	00:13:C6:13:77:D7	EM26310224
9618.1	00:13:C6:13:77:D8	EM26310225
9618.1	00:13:C6:13:77:D9	EM26310225
9618.1	00:13:C6:13:77:DA	EM26310226
9618.1	00:13:C6:13:77:DB	EM26310226
9618.1	00:13:C6:13:77:DC	EM26310227
9618.1	00:13:C6:13:77:DD	EM26310227
9618.1	00:13:C6:13:77:DE	EM26310228
9618.1	00:13:C6:13:77:DF	EM26310228
9618.1	00:13:C6:13:77:E0	EM26310229
9618.1	00:13:C6:13:77:E1	EM26310229
9618.1	00:13:C6:13:77:E2	EM26310230
9618.1	00:13:C6:13:77:E3	EM26310230
9618.1	00:13:C6:13:77:E4	EM26310231
9618.1	00:13:C6:13:77:E5	EM26310231
9618.1	00:13:C6:13:77:E6	EM26310232
9618.1	00:13:C6:13:77:E7	EM26310232
9618.1	00:13:C6:13:77:E8	EM26310233
9618.1	00:13:C6:13:77:E9	EM26310233
9618.1	00:13:C6:13:77:EA	EM26310234
9618.1	00:13:C6:13:77:EB	EM26310234
9618.1	00:13:C6:13:77:EC	EM26310235
9618.1	00:13:C6:13:77:ED	EM26310235
9618.1	00:13:C6:13:77:EE	EM26310236
9618.1	00:13:C6:13:77:EF	EM26310236
9618.1	00:13:C6:13:77:F0	EM26310237
9618.1	00:13:C6:13:77:F1	EM26310237
9618.1	00:13:C6:13:77:F2	EM26310238
9618.1	00:13:C6:13:77:F3	EM26310238
9618.1	00:13:C6:13:77:F4	EM26310239
9618.1	00:13:C6:13:77:F5	EM26310239
9618.1	00:13:C6:13:77:F6	EM26310240
9618.1	00:13:C6:13:77:F7	EM26310240
9618.1	00:13:C6:13:77:F8	EM26310241
9618.1	00:13:C6:13:77:F9	EM26310241
9618.1	00:13:C6:13:77:FA	EM26310242
9618.1	00:13:C6:13:77:FB	EM26310242
9618.1	00:13:C6:13:77:FC	EM26310243
9618.1	00:13:C6:13:77:FD	EM26310243
9618.1	00:13:C6:13:77:FE	EM26310244
9618.1	00:13:C6:13:77:FF	EM26310244
9618.1	00:13:C6:13:78:00	EM26310245
9618.1	00:13:C6:13:78:01	EM26310245
9618.1	00:13:C6:13:78:02	EM26310246
9618.1	00:13:C6:13:78:03	EM26310246
9618.1	00:13:C6:13:78:04	EM26310247
9618.1	00:13:C6:13:78:05	EM26310247
9618.1	00:13:C6:13:78:06	EM26310248
9618.1	00:13:C6:13:78:07	EM26310248
9618.1	00:13:C6:13:78:08	EM26310249
9618.1	00:13:C6:13:78:09	EM26310249
9618.1	00:13:C6:13:78:0A	EM26310250
9618.1	00:13:C6:13:78:0B	EM26310250
9618.1	00:13:C6:13:78:0C	EM26310251
9618.1	00:13:C6:13:78:0D	EM26310251
9618.1	00:13:C6:13:78:0E	EM26310252
9618.1	00:13:C6:13:78:0F	EM26310252
9618.1	00:13:C6:13:78:10	EM26310253
9618.1	00:13:C6:13:78:11	EM26310253
9618.1	00:13:C6:13:78:12	EM26310254
9618.1	00:13:C6:13:78:13	EM26310254
9618.1	00:13:C6:13:78:14	EM26310255
9618.1	00:13:C6:13:78:15	EM26310255
9618.1	00:13:C6:13:78:16	EM26310256
9618.1	00:13:C6:13:78:17	EM26310256
9618.1	00:13:C6:13:78:18	EM26310257
9618.1	00:13:C6:13:78:19	EM26310257
9618.1	00:13:C6:13:78:1A	EM26310258
9618.1	00:13:C6:13:78:1B	EM26310258
9618.1	00:13:C6:13:78:1C	EM26310259
9618.1	00:13:C6:13:78:1D	EM26310259
9618.1	00:13:C6:13:78:1E	EM26310260
9618.1	00:13:C6:13:78:1F	EM26310260
9618.1	00:13:C6:13:78:20	EM26310261
9618.1	00:13:C6:13:78:21	EM26310261
9618.1	00:13:C6:13:78:22	EM26310262
9618.1	00:13:C6:13:78:23	EM26310262
9618.1	00:13:C6:13:78:24	EM26310263
9618.1	00:13:C6:13:78:25	EM26310263
9618.1	00:13:C6:13:78:26	EM26310264
9618.1	00:13:C6:13:78:27	EM26310264
9618.1	00:13:C6:13:78:28	EM26310265
9618.1	00:13:C6:13:78:29	EM26310265
9618.1	00:13:C6:13:78:2A	EM26310266
9618.1	00:13:C6:13:78:2B	EM26310266
9618.1	00:13:C6:13:78:2C	EM26310267
9618.1	00:13:C6:13:78:2D	EM26310267
9618.1	00:13:C6:13:78:2E	EM26310268
9618.1	00:13:C6:13:78:2F	EM26310268
9618.1	00:13:C6:13:78:30	EM26310269
9618.1	00:13:C6:13:78:31	EM26310269
9618.1	00:13:C6:13:78:32	EM26310270
9618.1	00:13:C6:13:78:33	EM26310270
9618.1	00:13:C6:13:78:34	EM26310271
9618.1	00:13:C6:13:78:35	EM26310271
9618.1	00:13:C6:13:78:36	EM26310272
9618.1	00:13:C6:13:78:37	EM26310272
9618.1	00:13:C6:13:78:38	EM26310273
9618.1	00:13:C6:13:78:39	EM26310273
9618.1	00:13:C6:13:78:3A	EM26310274
9618.1	00:13:C6:13:78:3B	EM26310274
9618.1	00:13:C6:13:78:3C	EM26310275
9618.1	00:13:C6:13:78:3D	EM26310275
9618.1	00:13:C6:13:78:3E	EM26310276
9618.1	00:13:C6:13:78:3F	EM26310276
9618.1	00:13:C6:13:78:40	EM26310277
9618.1	00:13:C6:13:78:41	EM26310277
9618.1	00:13:C6:13:78:42	EM26310278
9618.1	00:13:C6:13:78:43	EM26310278
9618.1	00:13:C6:13:78:44	EM26310279
9618.1	00:13:C6:13:78:45	EM26310279
9618.1	00:13:C6:13:78:46	EM26310280
9618.1	00:13:C6:13:78:47	EM26310280
9618.1	00:13:C6:13:78:48	EM26310281
9618.1	00:13:C6:13:78:49	EM26310281
9618.1	00:13:C6:13:78:4A	EM26310282
9618.1	00:13:C6:13:78:4B	EM26310282
9618.1	00:13:C6:13:78:4C	EM26310283
9618.1	00:13:C6:13:78:4D	EM26310283
9618.1	00:13:C6:13:78:4E	EM26310284
9618.1	00:13:C6:13:78:4F	EM26310284
9618.1	00:13:C6:13:78:50	EM26310285
9618.1	00:13:C6:13:78:51	EM26310285
9618.1	00:13:C6:13:78:52	EM26310286
9618.1	00:13:C6:13:78:53	EM26310286
9618.1	00:13:C6:13:78:54	EM26310287
9618.1	00:13:C6:13:78:55	EM26310287
9618.1	00:13:C6:13:78:56	EM26310288
9618.1	00:13:C6:13:78:57	EM26310288
9618.1	00:13:C6:13:78:58	EM26310289
9618.1	00:13:C6:13:78:59	EM26310289
9618.1	00:13:C6:13:78:5A	EM26310290
9618.1	00:13:C6:13:78:5B	EM26310290
9618.1	00:13:C6:13:78:5C	EM26310291
9618.1	00:13:C6:13:78:5D	EM26310291
9618.1	00:13:C6:13:78:5E	EM26310292
9618.1	00:13:C6:13:78:5F	EM26310292
9618.1	00:13:C6:13:78:60	EM26310293
9618.1	00:13:C6:13:78:61	EM26310293
9618.1	00:13:C6:13:78:62	EM26310294
9618.1	00:13:C6:13:78:63	EM26310294
9618.1	00:13:C6:13:78:64	EM26310295
9618.1	00:13:C6:13:78:65	EM26310295
9618.1	00:13:C6:13:78:66	EM26310296
9618.1	00:13:C6:13:78:67	EM26310296
9618.1	00:13:C6:13:78:68	EM26310297
9618.1	00:13:C6:13:78:69	EM26310297
9618.1	00:13:C6:13:78:6A	EM26310298
9618.1	00:13:C6:13:78:6B	EM26310298
9618.1	00:13:C6:13:78:6C	EM26310299
9618.1	00:13:C6:13:78:6D	EM26310299
9618.1	00:13:C6:13:78:6E	EM26310300
9618.1	00:13:C6:13:78:6F	EM26310300
9618.1	00:13:C6:13:78:70	EM26310301
9618.1	00:13:C6:13:78:71	EM26310301
9618.1	00:13:C6:13:78:72	EM26310302
9618.1	00:13:C6:13:78:73	EM26310302
9618.1	00:13:C6:13:78:74	EM26310303
9618.1	00:13:C6:13:78:75	EM26310303
9618.1	00:13:C6:13:78:76	EM26310304
9618.1	00:13:C6:13:78:77	EM26310304
9618.1	00:13:C6:13:78:78	EM26310305
9618.1	00:13:C6:13:78:79	EM26310305
9618.1	00:13:C6:13:78:7A	EM26310306
9618.1	00:13:C6:13:78:7B	EM26310306
9618.1	00:13:C6:13:78:7C	EM26310307
9618.1	00:13:C6:13:78:7D	EM26310307
9618.1	00:13:C6:13:78:7E	EM26310308
9618.1	00:13:C6:13:78:7F	EM26310308
9618.1	00:13:C6:13:78:80	EM26310309
9618.1	00:13:C6:13:78:81	EM26310309
9618.1	00:13:C6:13:78:82	EM26310310
9618.1	00:13:C6:13:78:83	EM26310310
9618.1	00:13:C6:13:78:84	EM26310311
9618.1	00:13:C6:13:78:85	EM26310311
9618.1	00:13:C6:13:78:86	EM26310312
9618.1	00:13:C6:13:78:87	EM26310312
9618.1	00:13:C6:13:78:88	EM26310313
9618.1	00:13:C6:13:78:89	EM26310313
9618.1	00:13:C6:13:78:8A	EM26310314
9618.1	00:13:C6:13:78:8B	EM26310314
9618.1	00:13:C6:13:78:8C	EM26310315
9618.1	00:13:C6:13:78:8D	EM26310315
9618.1	00:13:C6:13:78:8E	EM26310316
9618.1	00:13:C6:13:78:8F	EM26310316
9618.1	00:13:C6:13:78:90	EM26310317
9618.1	00:13:C6:13:78:91	EM26310317
9618.1	00:13:C6:13:78:92	EM26310318
9618.1	00:13:C6:13:78:93	EM26310318
9618.1	00:13:C6:13:78:94	EM26310319
9618.1	00:13:C6:13:78:95	EM26310319
9618.1	00:13:C6:13:78:96	EM26310320
9618.1	00:13:C6:13:78:97	EM26310320
9618.1	00:13:C6:13:78:98	EM26310321
9618.1	00:13:C6:13:78:99	EM26310321
9618.1	00:13:C6:13:78:9A	EM26310322
9618.1	00:13:C6:13:78:9B	EM26310322
9618.1	00:13:C6:13:78:9C	EM26310323
9618.1	00:13:C6:13:78:9D	EM26310323
9618.1	00:13:C6:13:78:9E	EM26310324
9618.1	00:13:C6:13:78:9F	EM26310324
9618.1	00:13:C6:13:78:A0	EM26310325
9618.1	00:13:C6:13:78:A1	EM26310325
9618.1	00:13:C6:13:78:A2	EM26310326
9618.1	00:13:C6:13:78:A3	EM26310326
9618.1	00:13:C6:13:78:A4	EM26310327
9618.1	00:13:C6:13:78:A5	EM26310327
9618.1	00:13:C6:13:78:A6	EM26310328
9618.1	00:13:C6:13:78:A7	EM26310328
9618.1	00:13:C6:13:78:A8	EM26310329
9618.1	00:13:C6:13:78:A9	EM26310329
9618.1	00:13:C6:13:78:AA	EM26310330
9618.1	00:13:C6:13:78:AB	EM26310330
9618.1	00:13:C6:13:78:AC	EM26310331
9618.1	00:13:C6:13:78:AD	EM26310331
9618.1	00:13:C6:13:78:AE	EM26310332
9618.1	00:13:C6:13:78:AF	EM26310332
9618.1	00:13:C6:13:78:B0	EM26310333
9618.1	00:13:C6:13:78:B1	EM26310333
9618.1	00:13:C6:13:78:B2	EM26310334
9618.1	00:13:C6:13:78:B3	EM26310328
9618.1	00:13:C6:13:78:	
9618.1	00:13:C6:13:78:	
9618.1	00:13:C6:13:78:	
9618.1	00:13:C6:13:78:	
9618.1	00:13:C6:13:78:	
9618.1	00:13:C6:13:78:	
9618.1	00:13:C6:13:78:	
9618.1	00:13:C6:13:78:	
9618.1	00:13:C6:13:78:	
9618.1	00:13:C6:13:78:	
9618.1	00:13:C6:13:78:	
9618.1	00:13:C6:13:78:	
9618.1	00:13:C6:13:78:	
9618.1	00:13:C6:13:78:	
9618.1	00:13:C6:13:78:	
9618.1	00:13:C6:13:78:	
9618.1	00:13:C6:13:78:	
9618.1	00:13:C6:13:78:	
9618.1	00:13:C6:13:78:	
9618.1	00:13:C6:13:78:	
9618.1	00:13:C6:13:78:	
9618.1	00:13:C6:13:78:	
9618.1	00:13:C6:13:78:	
9618.1	00:13:C6:13:78:	
9618.1	00:13:C6:13:78:	
9618.1	00:13:C6:13:78:	
9618.1	00:13:C6:13:78:	
9618.1	00:13:C6:13:78:	
9618.1	00:13:C6:13:78:	
9618.1	00:13:C6:13:78:	
9618.1	00:13:C6:13:78:	
9618.1	00:13:C6:13:78:	
9618.1	00:13:C6:13:78:	
9618.1	00:13:C6:13:78:	
9618.1	00:13:C6:13:78:	
9618.1	00:13:C6:13:78:	
9618.1	00:13:C6:13:78:	